,OSEBuildingID,YearBuilt,NumberofBuildings,NumberofFloors,PropertyGFATotal,SiteEUI(kBtu/sf),SiteEnergyUse(kBtu),GHGEmissionsIntensity,ENERGYSTARScore,Electricity_Proportion(kBtu),SteamUse_Proportion(kBtu)
0,1,1927,1.0,12.0,88434.0,81.69999695,7226362.5,2.83,60.0,0.546059967657308,0.2773016353180203
1,2,1996,1.0,11.0,103566.0,94.80000305,8387933.0,2.86,61.0,0.2975693225058117,0.23030952084010625
2,3,1969,1.0,2.0,47237.0,96.0,2615247.75,2.19,43.0,0.4056560527600224,0.22364565198086306
3,5,1926,1.0,10.0,61320.0,110.8000031,6794584.0,4.67,56.0,0.40751932798821766,0.3259134767389891
4,8,1980,1.0,18.0,175580.0,114.8000031,14172606.0,2.88,75.0,0.2907340607117898,0.232490103575431
5,9,1999,1.0,2.0,97288.0,136.1000061,12086616.0,3.1,,0.48257456829090944,0.2087437127839714
6,10,1926,1.0,11.0,83008.0,70.80000305,5758795.0,2.12,27.0,0.3455172858842666,0.2922052499136903
7,11,1926,1.0,8.0,102761.0,61.29999924,6298131.5,2.16,,0.577418171948009,0.36142256817320634
8,12,1904,1.0,15.0,163984.0,83.69999695,13723820.0,2.39,43.0,0.4050593967670068,0.23828123531110904
11,17,1928,1.0,9.0,65009.0,101.5,6596057.5,5.05,48.0,0.2036064725027033,0.2511125016724005
13,19,1922,1.0,11.0,92190.0,159.5,10750010.0,5.55,35.0,0.3564991268147251,0.4531016926078065
15,22,1930,1.0,6.0,103911.0,76.59999847,9956396.0,4.18,,0.4473373923323958,0.46124599007743317
17,24,1907,1.0,5.0,57452.0,132.3999939,7606084.5,4.75,,0.4949710076658864,0.23352383489197323
18,25,1916,1.0,10.0,104352.0,97.30000305,10154608.0,3.35,39.0,0.5818412685157319,0.33786257431109107
21,29,2001,1.0,6.0,88592.0,63.20000076,3663534.5,1.02,84.0,0.4394737230652435,0.2895574517531072
22,30,1928,1.0,7.0,126593.0,90.69999695,11343686.0,3.07,,0.34018647238234656,0.1696633087207074
23,31,1930,1.0,2.0,67224.0,19.5,1310236.625,0.14,,0.7063302020082162,0.22347268292663533
24,32,1991,1.0,8.0,158676.0,45.5,5328051.5,1.62,,0.07191513434359981,0.3304859535709232
25,33,2001,1.0,10.0,171866.0,85.80000305,11061916.0,1.91,57.0,0.41934218643262733,0.1732363018889132
26,35,1978,1.0,5.0,68410.0,92.90000153,4456714.5,1.88,57.0,0.40677414463890704,0.2273630115339867
27,38,1906,1.0,3.0,87262.0,61.5,4145920.5,1.81,,0.2280817139485785,0.30102122752330407
28,40,1994,1.0,4.0,81871.0,81.5,6668568.5,2.63,29.0,0.33289343356338125,0.26404878848226304
29,41,1955,1.0,2.0,110356.0,12.10000038,318364.8125,0.04,,0.37518055225432323,0.5753316035822175
31,52,1961,1.0,2.0,94900.0,65.19999695,6186461.5,1.38,57.0,0.5199735164674117,0.2504410653270295
32,53,1900,1.0,2.0,52554.0,50.09999847,2951331.25,1.6,83.0,0.4041286952668701,0.24499553642340202
33,54,1954,1.0,3.0,175015.0,40.0,6994740.5,1.42,95.0,0.2792539820259843,0.27108237099343147
34,55,1911,1.0,3.0,70586.0,30.60000038,2158629.0,0.64,,0.30394487553048866,0.5626639514890704
36,57,1973,1.0,5.0,168115.0,56.29999924,9536161.0,0.4,78.0,0.7665938615017602,0.19945685774722355
37,58,1920,1.0,2.0,57428.0,21.70000076,1247362.0,0.58,,0.38135495240324124,0.334645786368331
38,59,1910,1.0,8.0,59400.0,85.40000153,5071974.0,0.6,14.0,0.8104288843292424,0.16495922453676237
40,62,1930,1.0,20.0,98634.0,54.59999847,4841347.5,0.6,71.0,0.7470405387703345,0.1569620671291135
41,63,1982,1.0,2.0,47237.0,80.90000153,2615247.75,2.47,63.0,0.11961185812317263,0.8486980448318459
42,65,1985,1.0,7.0,71150.0,93.09999847,5348309.0,1.89,98.0,0.4579943026237275,0.24489207661244095
43,66,1908,1.0,7.0,122810.0,44.0,5401277.5,1.85,99.0,0.16820367145228082,0.2976638736551574
44,67,1959,1.0,5.0,113173.0,74.80000305,5284343.5,1.28,86.0,0.3843327661753336,0.3102998755011544
45,68,2000,1.0,7.0,150453.0,60.70000076,6715187.0,1.33,84.0,0.37939274994843497,0.24981993736126232
46,69,1997,1.0,6.0,116300.0,65.90000153,5827595.5,1.4,80.0,0.40052747736887173,0.2679493797540786
47,70,1998,1.0,6.0,155602.0,43.90000153,6836900.0,0.98,81.0,0.5171056963960858,0.22451233290025652
48,73,1911,1.0,3.0,56072.0,57.70000076,3234787.75,2.61,76.0,0.12761576003152572,0.251975926183122
49,77,1999,1.0,4.0,122942.0,68.40000153,5337334.0,1.4,94.0,0.314166727788451,0.3081685014857082
50,82,1962,1.0,2.0,54984.0,61.40000153,3375211.0,1.6,71.0,0.43166569684395817,0.2635018130801812
53,86,2008,1.0,6.0,84103.0,58.5,3706100.25,0.8,74.0,0.5898245012313177,0.2228257865737735
55,95,1908,1.0,7.0,76631.0,94.69999695,7258758.5,3.43,71.0,0.26984989384012914,0.2638237470182423
57,98,1929,1.0,2.0,58320.0,14.60000038,1049748.625,0.67,96.0,0.20672679144788697,0.40019558746379535
58,100,2010,1.0,5.0,316306.0,48.0,13795954.0,0.44,96.0,0.7561472248098288,0.1895193019449862
61,104,1962,1.0,1.0,91213.0,125.1999969,8141155.5,3.77,,0.3106515855596553,0.3409391873216197
64,110,1962,1.0,2.0,52000.0,52.40000153,2726369.0,1.96,,0.34006810780526264,0.3161490761294064
65,111,1928,1.0,1.0,60696.0,8.100000381,875943.3125,0.1,,0.6533565266276066,0.31378615385984754
67,113,1986,1.0,2.0,66240.0,74.90000153,4166306.25,0.44,,0.7977190743601199,0.15087205884672542
69,115,1970,1.0,4.0,76213.0,68.19999695,3476212.5,0.64,68.0,0.6371360540806585,0.2478602187163092
70,116,2002,1.0,6.0,96910.0,86.0,5155568.5,1.57,56.0,0.3500600844366093,0.31560432646706243
71,117,1962,2.0,4.0,50017.0,108.9000015,5448975.0,3.82,53.0,0.27193829288665644,0.30377259685305175
72,119,1923,1.0,3.0,67743.0,39.09999847,2646879.0,1.16,34.0,0.3674838546379162,0.27291413000274106
73,120,1908,1.0,6.0,194104.0,32.0,6219841.5,1.25,100.0,0.2132693967860209,0.29736380639985555
74,121,2003,1.0,3.0,99433.0,76.90000153,4897760.0,0.34,63.0,0.8441519352547546,0.11678387292582385
75,131,1941,1.0,4.0,56521.0,129.6999969,6357632.0,0.78,,0.8225920121217837,0.1371539655393827
76,132,1929,1.0,2.0,206934.0,35.70000076,4253577.5,0.65,,0.3388301286142404,0.2797771818938981
77,136,2001,1.0,4.0,51390.0,70.30000305,3611538.0,2.48,89.0,0.27891100810574415,0.2796212339564975
78,139,2002,1.0,3.0,69138.0,45.90000153,3242458.0,1.29,78.0,0.41120837645923625,0.260450599726946
79,144,1904,1.0,5.0,190980.0,34.09999847,6505995.0,0.75,98.0,0.5135785918757152,0.24110662328508825
80,145,1998,1.0,6.0,284100.0,77.19999695,14641502.0,1.51,,0.6695366594952703,0.294446334050473
81,147,1954,1.0,5.0,285333.0,225.0,2615247.75,6.98,14.0,0.7971804838014216,0.19302158549124665
82,163,2006,1.0,4.0,61156.0,130.1000061,9363374.0,2.89,,0.612259216974536,0.17481082015241545
83,167,1910,1.0,4.0,72820.0,34.70000076,2010454.625,0.64,,0.5166569909359208,0.20809662037062274
84,168,1996,1.0,4.0,162222.0,69.90000153,7946961.0,1.41,76.0,0.40556876708244416,0.2321457169064859
85,170,1915,1.0,3.0,63330.0,47.20000076,3059758.0,1.17,,0.45483445527388344,0.27177563744599487
87,174,1950,1.0,1.0,67356.0,109.4000015,7475577.5,3.03,,0.4238080166763449,0.24241781341484603
88,179,1958,1.0,1.0,54765.0,83.80000305,4253369.5,1.12,,0.708013629159347,0.15630179446662987
89,180,2009,1.0,5.0,89821.0,21.89999962,1950092.5,1.12,,0.0249064659972394,0.28004024493856433
90,182,1980,1.0,2.0,52611.0,78.30000305,4116871.5,1.98,,0.4705508285952138,0.21864310212324076
91,183,2001,1.0,4.0,139600.0,32.79999924,4448582.5,0.93,89.0,0.4021312868090617,0.227684000877422
92,187,1971,1.0,6.0,250981.0,60.5,13071700.0,1.68,,0.6238670514011626,0.33174912196758516
93,338,2004,1.0,11.0,299070.0,261.2999878,2615247.75,6.87,,0.9584208624073375,0.028037173914601532
94,190,2007,1.0,3.0,64015.0,60.0,3242077.75,0.77,21.0,0.4140576419774088,0.4948384644033738
96,195,1964,1.0,3.0,54224.0,154.5,7265178.0,4.27,,0.3459765549299572,0.24851691599704198
97,197,1965,1.0,4.0,124342.0,71.90000153,8765978.0,0.53,76.0,0.8478723897146586,0.14111909139841763
98,198,1953,1.0,10.0,47237.0,288.7999878,2615247.75,0.85,10.0,0.32093200169418673,0.5940399213399339
99,200,1996,1.0,3.0,55442.0,85.59999847,3191228.25,1.51,72.0,0.4298337565401352,0.26226842290373087
100,209,1910,1.0,5.0,84870.0,16.20000076,1381590.125,0.6,,0.24024101006402934,0.3122865579695582
101,215,1904,1.0,4.0,114297.0,18.39999962,2100097.75,0.61,61.0,0.3163818571166865,0.2718344005402459
102,220,1937,1.0,1.0,234144.0,28.79999924,6744317.0,1.27,87.0,0.13462879844377335,0.31047420102116385
103,223,1966,1.0,1.0,64984.0,45.0,2944296.25,0.55,72.0,0.44253557476535466,0.5014874686068627
104,224,1965,1.0,1.0,67745.0,136.1999969,9230223.0,5.45,37.0,0.2235163420434134,0.21378601852939352
105,228,1973,1.0,3.0,56000.0,33.09999847,1851260.5,1.06,,0.34703568618684894,0.23957786766832767
106,230,1969,1.0,2.0,52088.0,26.39999962,1377519.5,0.94,,0.26124353097866754,0.3129205105462676
107,232,1998,1.0,5.0,123920.0,75.59999847,9373179.0,2.5,79.0,0.32926487441282665,0.24341895098518426
108,233,1900,1.0,1.0,50000.0,175.6000061,7548807.0,4.51,,0.3816466627509418,0.24143384184246816
109,234,1926,1.0,2.0,50292.0,8.0,430473.6875,0.06,,0.44324145941934456,0.44410642454348687
110,235,1998,1.0,7.0,207656.0,78.90000153,11171988.0,1.63,76.0,0.4099961663585594,0.17182277303254254
111,238,1957,1.0,2.0,91130.0,100.5,9472358.0,1.93,,0.593463487305603,0.20756826936406383
112,241,1968,1.0,4.0,64893.0,95.5,6197825.0,3.21,70.0,0.29677328412592857,0.29810525138719723
113,244,1900,1.0,3.0,44558.0,37.59999847,1677002.25,0.63,78.0,0.6227384656015189,0.20741930266782252
115,247,1924,1.0,2.0,179161.0,52.20000076,9436408.0,0.54,,0.7360642210264895,0.20819442727996695
116,248,1965,1.0,2.0,58640.0,55.90000153,3928695.25,0.47,,0.7657186736578924,0.15357864247328806
118,250,2005,1.0,9.0,168449.0,88.19999695,12726789.0,2.31,64.0,0.3803547930014588,0.2232808344435373
119,257,1916,1.0,4.0,79600.0,30.29999924,2411402.25,0.21,34.0,0.4449970928689192,0.5223438309980909
120,263,2008,1.0,6.0,419848.0,107.8000031,9134963.0,0.39,,0.6291520389043146,0.17840202222860566
121,264,2002,1.0,4.0,110785.0,95.30000305,10557910.0,0.84,,0.7542129799282826,0.2146684929761085
122,267,1999,1.0,4.0,47237.0,117.9000015,2615247.75,1.75,,0.9633751229133453,0.026025652235368475
123,268,1990,1.0,5.0,597519.0,238.3999939,2615247.75,8.21,34.0,0.3194150320655043,0.5959587985679258
124,274,1991,1.0,3.0,75397.0,8.199999809,549181.375,0.13,91.0,0.4318033018028637,0.4398941636790539
125,276,2000,1.0,8.0,47237.0,217.1000061,2615247.75,0.85,29.0,0.37423559877302903,0.20632297709497174
126,278,1999,1.0,5.0,102796.0,98.30000305,10105379.0,1.89,,0.5902185747168575,0.19712896241924516
127,281,1928,1.0,2.0,55653.0,24.79999924,1377627.0,1.31,98.0,0.0030613485419878693,0.3129038110372887
128,282,1931,1.0,16.0,106860.0,111.6999969,11935719.0,4.39,49.0,0.2525442373474038,0.15370153158098485
129,283,1972,1.0,5.0,50759.0,62.0,3147042.0,0.97,62.0,0.3835608344007595,0.5282132161616696
130,284,1952,1.0,2.0,56772.0,43.0,2439484.75,1.49,46.0,0.2962613817323373,0.25882928766685415
131,285,1952,1.0,3.0,103000.0,47.09999847,4854429.5,1.46,42.0,0.32335069157868723,0.32874623510154155
132,293,1914,1.0,7.0,128766.0,47.0,6057410.0,0.44,,0.7347988898238939,0.22357406379106473
133,294,1913,1.0,9.0,107572.0,54.79999924,5572503.0,2.37,76.0,0.2854263076168132,0.3517944970287799
135,302,1973,1.0,1.0,76086.0,42.0,3267564.0,1.33,,0.34934495303884233,0.26984020879857185
139,317,1980,1.0,2.0,69400.0,213.6999969,14833476.0,4.35,,0.5407451285202695,0.23857536762691306
140,318,1900,1.0,1.0,62900.0,158.3000031,10394330.0,6.0,,0.30153780572928424,0.17256100880715924
141,319,1914,1.0,4.0,56500.0,34.5,1380293.625,0.78,98.0,0.46775667566327955,0.2597006387474618
142,320,2008,1.0,4.0,203504.0,18.60000038,3785282.5,0.13,72.0,0.7843966074845288,0.1632854048030219
143,322,1968,1.0,3.0,100734.0,97.19999695,9788717.0,0.68,20.0,0.7675373649533114,0.19454987809443278
144,323,1981,1.0,4.0,77662.0,80.59999847,5007401.0,0.88,57.0,0.725377004524195,0.1525510096459549
150,330,1926,1.0,10.0,63409.0,66.90000153,3444270.0,2.69,90.0,0.24384350790286366,0.37468277308187264
151,331,1930,1.0,17.0,204790.0,44.5,7739699.0,0.49,91.0,0.7405265192983118,0.14914089146854861
152,332,1916,1.0,5.0,73399.0,61.09999847,3757006.0,0.36,61.0,0.7831258031638959,0.16424783770121978
153,333,1969,1.0,20.0,265851.0,64.59999847,14633233.0,2.12,90.0,0.3876140203667247,0.3157298368587161
155,335,1968,1.0,12.0,206000.0,53.29999924,8580279.0,1.08,91.0,0.544727839947285,0.20097724529823502
158,339,1900,1.0,7.0,89550.0,47.70000076,3903259.75,0.58,85.0,0.8374263060768788,0.08206998211968622
159,340,1900,1.0,6.0,89355.0,46.79999924,4178233.5,0.36,66.0,0.828923157914249,0.15866655698195511
161,342,1929,1.0,22.0,384302.0,28.39999962,10062436.0,0.18,98.0,0.7889390245944539,0.16816800642086435
165,347,1950,1.0,6.0,91091.0,20.5,1835804.875,0.51,,0.5709379155299701,0.20257827353241104
166,348,1968,1.0,8.0,157941.0,44.09999847,3743228.5,0.17,81.0,0.777826961737284,0.1637369183275163
170,352,1972,1.0,14.0,186768.0,52.70000076,9641043.0,1.17,95.0,0.6150734143329728,0.17705824699544834
173,355,1973,1.0,2.0,617684.0,115.9000015,2615247.75,0.88,28.0,0.5594306683127868,0.302182306946644
174,356,1907,1.0,8.0,201480.0,44.29999924,8921778.0,0.87,91.0,0.6980879509735811,0.15487657942535143
177,359,2003,1.0,8.0,199530.0,73.19999695,13214416.0,1.5,69.0,0.5087045139489939,0.23077468917660074
178,360,2006,1.0,13.0,372242.0,43.29999924,13843866.0,0.58,98.0,0.6512398994034572,0.19853428578227922
179,361,1909,1.0,7.0,114395.0,28.39999962,2746560.75,0.61,99.0,0.44834742362381047,0.24945367474992947
180,363,1978,1.0,2.0,89200.0,72.40000153,6461937.0,1.0,83.0,0.69663568313675,0.18139427640834546
183,366,1961,1.0,5.0,99005.0,59.40000153,4728488.5,1.2,70.0,0.4278395609746334,0.29343874717157403
184,367,2002,1.0,6.0,135051.0,46.09999847,4426136.0,0.23,88.0,0.7892005001221027,0.16072239756111512
185,368,2002,1.0,5.0,220649.0,48.29999924,7046345.5,0.22,93.0,0.826685534395294,0.12885283435649042
186,369,1964,1.0,5.0,93660.0,9.300000191,873221.875,0.07,,0.592842558626668,0.3757612035836537
188,371,2000,1.0,11.0,381381.0,48.40000153,9765777.0,0.19,94.0,0.7897331381824266,0.20259523725037268
191,374,1980,1.0,4.0,109347.0,116.3000031,8218155.5,0.83,,0.7749333113491423,0.1491232843967226
193,376,2002,1.0,6.0,287471.0,74.90000153,14913424.0,0.36,74.0,0.8153292553381449,0.13165013645861284
194,377,1947,1.0,3.0,192630.0,36.70000076,5357833.0,0.24,94.0,0.7633504703406444,0.20886119999316097
196,381,1956,1.0,1.0,60880.0,231.8000031,14293972.0,6.31,54.0,0.4236375595064455,0.25473224348000184
197,382,1900,1.0,5.0,50176.0,46.59999847,2933288.75,0.5,77.0,0.4795092076817963,0.5041557395500047
199,384,1977,1.0,1.0,128800.0,14.0,1809101.5,0.61,97.0,0.14852489436598762,0.2774057188455104
200,385,1927,1.0,8.0,321945.0,60.40000153,13656587.0,1.1,76.0,0.5724081203648971,0.21276415036023852
205,390,1980,1.0,2.0,291940.0,40.0,11688601.0,0.56,80.0,0.7047741672992706,0.17073297765146359
206,391,1970,1.0,1.0,88400.0,48.29999924,4383100.5,1.31,42.0,0.44492476450481405,0.22939024739769243
207,392,1960,1.0,1.0,52311.0,18.20000076,930611.875,0.93,96.0,0.01142186717058172,0.36598111235613506
208,393,2009,1.0,5.0,141131.0,43.09999847,3085814.0,0.15,,0.5031390088977764,0.49315077639534705
209,394,2001,1.0,5.0,176532.0,56.09999847,5803409.0,0.23,60.0,0.8007311023457272,0.1851973887154835
210,395,1973,1.0,1.0,52500.0,72.19999695,3989399.0,1.34,2.0,0.6066481677212832,0.21033047852716488
211,396,1959,1.0,2.0,57300.0,79.59999847,4560492.0,2.73,55.0,0.28527464825169807,0.29824536027308546
216,403,1958,1.0,10.0,135918.0,44.40000153,6423556.5,1.43,91.0,0.5032650001079673,0.24812636899483156
217,404,1914,1.0,4.0,79957.0,80.30000305,5252131.0,0.46,25.0,0.7735099808725897,0.20831696094153657
218,405,1921,1.0,4.0,127268.0,63.5,7711757.5,1.16,71.0,0.7831944451502121,0.09265381630338165
220,408,1926,1.0,10.0,132326.0,52.70000076,6029020.0,0.49,72.0,0.9451323526010758,0.05444452715990832
221,409,1984,1.0,6.0,109830.0,87.90000153,7335905.5,0.47,45.0,0.826196029141386,0.123693519169764
223,411,1910,1.0,10.0,130513.0,89.30000305,11651200.0,2.44,49.0,0.5876644465806097,0.054160000686624556
224,412,1920,1.0,8.0,60660.0,55.29999924,2586116.0,0.3,,0.46241428350101277,0.521542091045114
225,413,1929,1.0,14.0,137350.0,51.09999847,6366084.5,1.48,89.0,0.5008634412822887,0.27546017372626763
226,414,1929,1.0,15.0,151039.0,43.40000153,5446624.0,1.58,84.0,0.31661131106884566,0.34752584898386
228,416,1906,1.0,4.0,63540.0,62.0,3518459.5,1.18,72.0,0.48453135868223507,0.2979394849956972
229,417,1927,1.0,10.0,130893.0,57.20000076,6962073.0,0.37,80.0,0.8252974457225083,0.13019356872485618
230,418,1910,1.0,5.0,79920.0,37.70000076,3009463.75,0.26,,0.4955636559789375,0.4980484940732093
231,420,1996,1.0,6.0,147852.0,157.5,9671619.0,1.25,,0.5860891217819711,0.20416491464295586
232,421,1996,1.0,4.0,267335.0,74.69999695,7273155.5,0.55,,0.5780529869652072,0.18677975473985145
236,425,1986,1.0,12.0,115857.0,45.20000076,4757299.5,0.29,89.0,0.8148786399957926,0.15439964259676314
237,426,1999,1.0,4.0,87500.0,63.40000153,4549892.0,0.36,72.0,0.7929921560780274,0.15710199629539462
238,427,1998,1.0,11.0,374405.0,69.09999847,13329024.0,0.25,72.0,0.7481863865136604,0.1810814499810557
239,428,1985,1.0,12.0,193500.0,98.40000153,14436982.0,0.52,,0.8015840158284651,0.16035165909613558
240,429,1923,1.0,11.0,102846.0,52.5,5327249.5,2.74,96.0,0.20656207254480416,0.38942266795061675
241,430,1925,1.0,4.0,52800.0,46.90000153,2429021.0,0.84,83.0,0.3441258098527628,0.5437120621024373
245,436,1988,1.0,9.0,46710.0,89.30000305,4169431.5,2.8,,0.4826684355835119,0.2566286983530045
246,437,1945,1.0,3.0,266000.0,85.90000153,13911761.0,0.76,65.0,0.8556041087561803,0.03426898201193926
249,440,2001,1.0,6.0,213834.0,53.20000076,2615247.75,2.48,100.0,0.3376627014284413,0.6300049705338416
250,441,1979,1.0,5.0,109017.0,86.90000153,9474745.0,2.24,34.0,0.4715338223921737,0.20580461886833992
252,444,2001,1.0,1.0,123061.0,16.20000076,1987934.625,0.11,59.0,0.766983922756946,0.1900735057253484
253,446,1963,1.0,1.0,59090.0,46.59999847,2756214.75,1.98,45.0,0.16495251754673398,0.2833312791422393
254,447,1963,1.0,1.0,106000.0,7.199999809,763364.5,0.05,93.0,0.615262625911181,0.34763417584231326
256,451,1960,1.0,1.0,119661.0,6.5,775729.1875,0.05,97.0,0.6420359240601727,0.35733112419880414
257,452,2001,1.0,7.0,139200.0,52.90000153,4342597.0,0.22,81.0,0.800703760013284,0.1662019613627165
258,453,1984,1.0,6.0,95721.0,32.0,3063504.5,0.22,95.0,0.4873484038332546,0.5052167388916933
259,456,1996,2.0,5.0,213283.0,53.59999847,5661689.5,0.19,83.0,0.7933792890273438,0.18809020914409388
260,457,2001,1.0,3.0,103697.0,179.1000061,11319836.0,3.62,7.0,0.35960928385458646,0.1699600208019703
261,458,1974,1.0,5.0,74880.0,71.59999847,5134607.5,0.48,56.0,0.7637128838620674,0.21038612037136814
262,459,1979,1.0,6.0,88774.0,70.59999847,6029121.5,0.47,53.0,0.7838847165603412,0.18616998003849167
263,460,1983,1.0,5.0,122250.0,43.5,5535626.0,0.32,93.0,0.7896635912104119,0.19147266957709216
264,461,1979,1.0,4.0,53730.0,88.30000305,4742869.0,0.62,20.0,0.8144199385264211,0.15478222050634616
265,462,1960,1.0,3.0,55593.0,76.0,4224872.5,1.68,55.0,0.514059995329637,0.23595418035421245
266,463,1982,1.0,4.0,134056.0,65.19999695,4695139.0,0.24,54.0,0.8067398487128987,0.15488128830152095
270,492,1985,1.0,4.0,86995.0,51.40000153,2991674.75,0.24,81.0,0.49408159277554176,0.4995117894033763
272,468,2009,1.0,5.0,184482.0,47.40000153,5671256.0,0.22,95.0,0.8057405194360231,0.19138003320542638
273,469,1928,1.0,3.0,55200.0,210.0,11594121.0,4.89,,0.5437833097050548,0.15941717247883092
275,471,2004,1.0,6.0,139282.0,37.29999924,3238216.0,0.16,96.0,0.7132132205713754,0.25230629962363993
276,473,2009,1.0,5.0,271071.0,42.40000153,7851334.5,0.23,96.0,0.8281944254776377,0.15501046727824816
277,474,1914,1.0,5.0,127800.0,21.70000076,2767491.0,0.23,56.0,0.44430644465246516,0.5169632020430427
279,476,2001,1.0,6.0,226592.0,90.90000153,11963428.0,0.42,49.0,0.7758407610601579,0.20803194757118978
281,481,2006,1.0,4.0,209816.0,51.0,6917478.5,0.58,97.0,0.6107208754352238,0.20346856201680436
282,482,2006,1.0,6.0,303103.0,40.70000076,7519466.5,0.23,97.0,0.8052473488853003,0.15284134461625254
283,484,1954,1.0,3.0,67380.0,42.09999847,2755829.0,1.1,66.0,0.4269163747793944,0.24882342517950923
286,489,1974,1.0,5.0,88062.0,52.70000076,3415561.25,0.27,80.0,0.7532896994660244,0.19565213163343464
287,490,1972,1.0,5.0,87178.0,54.5,3632613.75,0.29,69.0,0.7726001484496405,0.16758897124574693
288,491,1970,1.0,5.0,87178.0,52.29999924,3493093.75,0.28,86.0,0.7656459417719583,0.1727140772429466
289,493,1971,1.0,5.0,88000.0,50.0,3484915.5,0.28,75.0,0.7682337293372665,0.17370450475997237
291,495,1994,1.0,4.0,191276.0,87.69999695,8422861.0,0.41,21.0,0.8116356718057606,0.14602830469467287
292,496,1946,2.0,2.0,111445.0,47.79999924,5697472.5,1.47,,0.3724509235343609,0.29442432912659355
293,497,1997,1.0,4.0,98475.0,11.10000038,1090496.625,0.23,83.0,0.45344814588599136,0.3569755893140858
295,500,1995,1.0,2.0,308965.0,119.9000015,14512786.0,0.9,78.0,0.5952939500737554,0.1911324920730712
296,503,2008,1.0,1.0,63225.0,103.1999969,6522551.5,0.72,100.0,0.8299145887058696,0.13487613551345434
297,504,1955,1.0,1.0,113780.0,31.39999962,3574542.25,1.07,,0.29269138269023687,0.28870194443187286
298,507,1999,1.0,1.0,243044.0,4.300000191,1396082.25,0.17,100.0,0.3464260055363262,0.310049957899952
299,508,2001,1.0,3.0,280252.0,93.0,11521702.0,0.29,,0.697910581049722,0.1457701828136666
300,513,1952,1.0,3.0,66462.0,95.5,6876439.5,0.72,,0.8352527432071184,0.12875780892147357
301,514,1997,1.0,1.0,131387.0,81.30000305,8773058.0,0.84,72.0,0.7543567000432632,0.14102128006325246
302,515,1999,1.0,3.0,94400.0,11.69999981,784364.5,0.11,38.0,0.5600696993082168,0.35479269796818835
303,516,1964,1.0,1.0,111900.0,79.0,9814820.0,2.02,,0.5394949979851404,0.17137361808607238
304,517,1984,1.0,1.0,144776.0,92.69999695,13424079.0,1.64,56.0,0.6096780387499209,0.20596378127666273
306,519,1997,1.0,1.0,50083.0,173.0,8663691.0,3.17,78.0,0.6461199581724671,0.142547700057867
307,520,1988,1.0,3.0,124071.0,51.70000076,4991360.5,0.28,73.0,0.8800961261022626,0.11952479059679189
308,521,2000,1.0,4.0,90000.0,43.29999924,3897738.0,0.3,84.0,0.7962627720583612,0.16097327501451636
309,522,2001,1.0,3.0,96041.0,87.0,5413418.0,0.39,70.0,0.7811795576388844,0.1936915735139309
310,523,1999,1.0,3.0,280957.0,68.69999695,11325513.0,0.34,96.0,0.7828274284417335,0.19318802056326645
311,524,1999,1.0,4.0,243334.0,62.20000076,8651835.0,0.35,89.0,0.8042556403912774,0.14271514756818382
313,526,1982,1.0,5.0,390295.0,31.60000038,7683885.0,0.14,95.0,0.8133943534743792,0.15246617409641
314,527,1967,1.0,2.0,90000.0,15.89999962,1429146.375,0.19,87.0,0.7111114835410969,0.20161476331085137
315,528,1966,1.0,1.0,50200.0,20.89999962,1047461.0,0.64,,0.29547622824970793,0.3901012579909248
316,529,1925,1.0,6.0,94033.0,56.59999847,4758198.0,1.28,,0.4271148197278348,0.292141838999257
317,530,1941,1.0,2.0,63240.0,3.599999905,227566.7031,0.13,100.0,0.12962734320164082,0.654615958384154
319,533,1988,1.0,4.0,130293.0,3.599999905,465533.3125,0.02,,0.46721335618684956,0.4328708918173081
320,534,1997,1.0,4.0,106041.0,10.60000038,1123943.0,0.24,94.0,0.42216454809165516,0.35822901051909717
321,536,1956,1.0,3.0,94470.0,10.60000038,1000796.875,0.35,,0.259077509394069,0.4009966428581686
322,538,2002,1.0,10.0,181694.0,49.90000153,7637986.0,0.29,88.0,0.8124832585557132,0.15321058434912224
323,539,1987,1.0,2.0,69492.0,4.599999905,318962.8125,0.03,100.0,0.39429764629798286,0.5331844594455671
324,540,1966,1.0,1.0,22780.0,17.60000038,402051.3125,0.12,33.0,0.42506645727735937,0.4560046740735657
325,543,1967,1.0,1.0,124472.0,43.90000153,5464762.0,1.91,62.0,0.14779048481160423,0.2952267621210639
326,774,1970,1.0,22.0,227556.0,37.29999924,8493420.0,0.26,95.0,0.8192674896027528,0.13893009132329698
327,544,1967,1.0,1.0,50065.0,30.60000038,1529510.25,0.85,72.0,0.4010036539883407,0.2665697685152041
328,545,1969,1.0,1.0,57540.0,44.90000153,2582687.0,1.33,26.0,0.37246619554988625,0.26622613051894034
329,546,1966,1.0,1.0,85400.0,18.0,1536998.25,0.13,49.0,0.7815686150823844,0.18351866436716371
330,547,1966,1.0,1.0,55700.0,9.300000191,519806.0938,0.06,63.0,0.4958434480525641,0.41143089105441816
331,548,1964,1.0,1.0,53250.0,34.0,1794187.25,0.88,96.0,0.45643053991529264,0.21871509653559174
332,549,1987,1.0,6.0,78672.0,27.70000076,2179719.75,0.36,98.0,0.3924106153109593,0.5470775916599566
333,550,1986,1.0,3.0,64660.0,5.0,325513.0,0.1,89.0,0.3142237053944036,0.5698977725605897
334,551,1927,1.0,2.0,75844.0,64.80000305,3684188.5,0.51,,0.7177191935208607,0.22385439218233133
335,552,1968,1.0,1.0,161678.0,57.59999847,9357230.0,1.27,25.0,0.5198961566871443,0.2317141728095648
337,554,1980,1.0,1.0,52613.0,17.79999924,1061458.25,0.61,80.0,0.31668866707825916,0.36319463964833365
338,555,1940,1.0,1.0,56608.0,89.59999847,5094197.0,1.31,,0.6728342109056548,0.19413670398575233
340,557,2003,1.0,1.0,58184.0,284.5,14715262.0,7.12,41.0,0.4040516850392099,0.25271542142914466
341,558,1980,1.0,1.0,58480.0,248.8000031,11054535.0,4.66,37.0,0.5254244023977644,0.14806145282149136
342,561,2005,1.0,6.0,336700.0,41.59999847,9058916.0,0.16,95.0,0.733790584228327,0.18477226317658738
343,562,1996,1.0,4.0,264008.0,100.5,9937707.0,0.72,42.0,0.5884513089140627,0.19979045935961207
344,563,1914,1.0,2.0,62220.0,87.80000305,5444253.5,0.62,32.0,0.8003284058219449,0.19778151734344884
345,564,1970,1.0,1.0,65430.0,46.20000076,3181045.5,1.38,89.0,0.38868581960002646,0.27515995023454404
346,565,2006,1.0,3.0,102290.0,72.40000153,6062770.5,0.48,26.0,0.7889847331735411,0.1910553378086687
347,566,1926,1.0,3.0,80004.0,163.3999939,12232124.0,1.07,,0.6661857649831696,0.17884199700166975
348,568,1991,1.0,2.0,323916.0,24.79999924,8024064.5,0.81,92.0,0.3402893031406957,0.23042904921490218
350,570,1978,1.0,4.0,85385.0,91.40000153,4855036.5,0.4,,0.8429958062954969,0.11765021167494165
351,571,1989,1.0,2.0,98024.0,20.39999962,1988334.5,0.43,94.0,0.5455828034470864,0.20992560033563368
352,572,1928,1.0,1.0,65000.0,86.80000305,2603931.25,0.98,,0.2836935419483212,0.5418934093833953
353,573,1990,1.0,5.0,144573.0,65.40000153,5135040.0,0.25,62.0,0.7638532603761743,0.21040708842303613
354,574,1950,1.0,2.0,302812.0,24.10000038,7290824.5,0.43,97.0,0.6368956214327489,0.16936440108888806
355,575,1974,1.0,5.0,86400.0,116.0999985,9080022.0,3.4,53.0,0.35712728851799547,0.20709608590000747
356,576,1969,1.0,2.0,98539.0,55.29999924,5450441.5,0.47,,0.7752949408011436,0.19760134233128274
357,577,1981,1.0,6.0,86483.0,73.59999847,6361236.5,0.51,56.0,0.8234923601895211,0.1372262719601386
358,578,1976,1.0,1.0,51600.0,21.79999924,1124543.125,0.43,75.0,0.4654952531223337,0.3581063233813175
359,579,1968,1.0,1.0,140520.0,15.80000019,2225512.0,0.41,61.0,0.4448803603722922,0.24451091275485173
360,580,1986,1.0,5.0,154029.0,50.59999847,4636396.5,0.38,95.0,0.733267658420721,0.16277116118424556
361,581,2005,1.0,3.0,161789.0,99.69999695,6963616.5,0.3,,0.861781926638814,0.13623219093701175
362,582,2005,1.0,3.0,63909.0,74.59999847,4765753.5,0.52,,0.8151463242466186,0.1541763817442318
363,583,1948,1.0,2.0,53472.0,17.10000038,971155.625,0.64,,0.2321724481142755,0.40823918110132584
364,584,1980,1.0,1.0,50417.0,36.59999847,1847401.0,1.16,14.0,0.3324099405293992,0.2817751500333295
365,23854,1900,1.0,1.0,43728.0,263.2000122,11508035.0,0.85,,0.4451093760927297,0.10801547503974517
367,586,1965,1.0,2.0,168619.0,37.29999924,6455828.5,0.54,78.0,0.6918195980939089,0.18153474230826258
369,589,2000,1.0,4.0,175885.0,62.40000153,6486377.5,0.26,91.0,0.8263062167955565,0.1350386326472383
370,590,1969,1.0,2.0,104786.0,9.800000191,1028376.875,0.23,93.0,0.4250638132320531,0.34436171055807835
371,592,2000,1.0,1.0,53040.0,34.40000153,1770027.5,0.94,,0.40622692585405784,0.24784785783538502
372,594,1973,1.0,1.0,110689.0,21.10000038,2339814.25,0.97,,0.10726143167858776,0.2956719665544017
373,595,1948,1.0,1.0,53620.0,38.40000153,2058955.25,0.41,86.0,0.7409395300331005,0.19307412415459843
374,596,1938,1.0,1.0,50008.0,64.0,3202213.0,1.31,62.0,0.5149543059441937,0.2738391800264975
375,597,2009,1.0,4.0,291176.0,34.20000076,6657348.5,0.17,98.0,0.8532843256782018,0.1373565389325843
376,598,1957,1.0,1.0,50832.0,50.20000076,2551022.25,2.11,63.0,0.17377461978815317,0.27799747570268313
377,599,1971,1.0,1.0,76354.0,37.20000076,2843033.5,0.27,70.0,0.4880229224124999,0.5102356176250485
378,600,1956,1.0,1.0,98480.0,28.79999924,2831565.5,0.4,65.0,0.41483998137485517,0.5112456204361285
379,601,1904,1.0,2.0,53002.0,64.40000153,3441643.25,1.21,75.0,0.5612430735846863,0.2497280881445123
382,604,1971,1.0,11.0,124721.0,111.4000015,13898181.0,2.93,58.0,0.42962320567316986,0.26009964408264435
383,605,1970,1.0,7.0,94002.0,60.29999924,5662234.0,0.42,70.0,0.7903701446808807,0.18735878160405886
384,606,1974,1.0,1.0,93020.0,13.5,1252323.875,0.09,60.0,0.6557632772926025,0.2754950088550302
385,19746,1946,1.0,1.0,23000.0,30.89999962,711118.375,1.12,,0.22814378487687934,0.37753989173584324
386,607,2002,1.0,1.0,61053.0,241.3000031,13133225.0,5.02,32.0,0.4913923135435228,0.23848537759871455
387,608,1913,1.0,7.0,154159.0,58.0,11195917.0,0.19,100.0,0.25370835258400304,0.6921914599719763
388,609,1904,1.0,5.0,78920.0,36.0,2830674.75,0.25,88.0,0.4838623110371168,0.5062877433178741
389,610,1906,1.0,7.0,99440.0,74.30000305,6606832.5,1.35,64.0,0.5457427217242459,0.23052814149343562
390,611,1907,1.0,6.0,73260.0,44.70000076,2853189.5,0.27,82.0,0.4803287038758609,0.5020906456038833
391,612,1900,1.0,4.0,69817.0,35.90000153,2178074.5,1.1,87.0,0.5716623460971988,0.35402154431895355
392,613,1900,1.0,4.0,84750.0,29.79999924,2094724.625,0.31,,0.7137902207987539,0.190404907261872
393,614,1900,1.0,6.0,75496.0,59.29999924,3570161.75,0.33,,0.769539036168272,0.1698449474682673
394,615,1900,1.0,4.0,164380.0,53.0,7655751.0,0.79,79.0,0.8094195535455558,0.05218800198429277
395,616,1907,1.0,7.0,160580.0,27.0,4336187.5,0.62,98.0,0.6950994191742228,0.08007217257991008
396,618,1909,1.0,6.0,73470.0,48.59999847,3212269.0,0.3,83.0,0.7115648726960987,0.2537564660285632
397,619,1906,1.0,3.0,67755.0,29.10000038,1904480.0,0.2,,0.7540870290605654,0.20035233200719826
398,620,1910,1.0,3.0,56700.0,41.79999924,2371575.0,0.56,37.0,0.3884198984130587,0.5496432409940327
399,621,1922,1.0,1.0,82852.0,26.29999924,2153603.5,0.79,83.0,0.34375914513619765,0.3003066257726171
400,622,1953,1.0,2.0,76442.0,52.29999924,3978277.0,1.73,,0.33198303121218253,0.2255669437301871
401,623,1962,1.0,2.0,92792.0,31.89999962,3155496.0,0.8,56.0,0.4640251386089622,0.2767712160638189
402,624,1941,2.0,2.0,125519.0,15.69999981,2244317.0,0.12,,0.44328574820746464,0.5311363265484773
403,625,1900,1.0,4.0,129000.0,41.70000076,4374646.0,0.24,80.0,0.7872471989507298,0.16221167646169998
404,626,1954,1.0,1.0,78814.0,10.89999962,861972.875,0.21,69.0,0.49109515168359424,0.3335021795921717
405,627,1904,1.0,4.0,58970.0,30.39999962,1776411.75,0.7,,0.5000065653318944,0.22922862546101663
406,628,1910,1.0,6.0,75600.0,43.70000076,2688675.75,0.25,15.0,0.4716497018059041,0.5116669667277157
407,629,1907,1.0,4.0,56270.0,18.79999924,1056782.125,0.13,,0.6346855709216076,0.30682146400128973
408,630,1904,1.0,4.0,66842.0,104.5999985,5608600.5,2.07,31.0,0.47085363257570556,0.2362113862271724
409,632,1909,1.0,6.0,75288.0,44.09999847,2891605.0,0.27,81.0,0.4922027045396551,0.5077332852360054
410,633,1904,1.0,7.0,184322.0,52.70000076,9722890.0,0.37,81.0,0.7663312784884052,0.19555926170858523
412,635,1914,1.0,2.0,64512.0,94.69999695,5968153.5,2.8,53.0,0.35373560128287584,0.28487495211478847
413,637,2009,1.0,6.0,286000.0,53.20000076,2615247.75,1.56,,0.16222145532116636,0.836483189682619
414,638,1926,1.0,7.0,144050.0,27.29999924,3929371.0,0.68,26.0,0.4703107912250267,0.22671091647853944
415,639,1930,1.0,3.0,60592.0,83.59999847,5049446.5,0.78,16.0,0.836108492692885,0.11831251767409476
416,640,1912,1.0,6.0,47237.0,49.29999924,2615247.75,0.59,79.0,0.18084115896495292,0.11445238399088133
417,641,1993,1.0,1.0,107930.0,67.0,7221482.5,0.93,57.0,0.7007210708511535,0.17533128988572058
418,642,1926,1.0,1.0,99084.0,16.29999924,1618110.375,0.5,83.0,0.365722503276074,0.25570598502801195
419,647,1953,1.0,1.0,72719.0,35.5,2581741.75,0.59,28.0,0.37199612477931265,0.5304675928690022
420,649,1930,1.0,4.0,76624.0,36.20000076,2773647.5,0.44,91.0,0.4303968626592688,0.5164082486886848
421,650,2001,1.0,6.0,91706.0,150.3000031,8570571.0,0.65,2.0,0.8250983481062846,0.1386593501323657
423,652,1991,1.0,5.0,138106.0,70.40000153,8381834.5,0.42,41.0,0.8218615870686513,0.14122540469590247
424,654,1973,1.0,1.0,56572.0,42.59999847,2409429.0,1.19,66.0,0.3926311805632628,0.2806419716190499
429,660,1926,1.0,6.0,97720.0,33.70000076,2478025.25,0.18,,0.4455152513822873,0.5244004032330803
431,671,1987,1.0,7.0,94500.0,50.90000153,5792926.0,0.43,68.0,0.8004424342888443,0.18546567228090494
432,673,2005,1.0,1.0,94713.0,49.40000153,5417598.0,1.0,79.0,0.566657508444555,0.2660781155389037
433,674,2008,1.0,9.0,302902.0,73.30000305,14751117.0,0.43,58.0,0.7852851618402947,0.1816708758693248
435,678,1900,1.0,6.0,205521.0,56.70000076,8138616.5,1.37,94.0,0.5315396540253176,0.2541791888872503
436,679,1900,1.0,6.0,56700.0,54.29999924,3065954.5,0.38,55.0,0.5015249507131064,0.49475278190830047
437,680,1925,1.0,4.0,72000.0,37.90000153,2729167.75,0.33,89.0,0.4625857530705039,0.5204443941538325
438,681,2000,1.0,4.0,191146.0,49.5,5101504.5,0.19,93.0,0.8113191996393083,0.16418449826782613
439,682,2001,1.0,3.0,68763.0,180.6000061,9029489.0,4.51,,0.32147969488731865,0.20921131709745688
442,689,1994,1.0,2.0,81336.0,160.8000031,13085297.0,3.32,,0.5353319022330955,0.23914998712762187
444,692,1983,1.0,6.0,275982.0,66.40000153,5233553.5,0.13,,0.7728886185222273,0.20888846655123036
445,693,1982,1.0,5.0,98668.0,44.5,4391348.0,0.31,91.0,0.7878847788595206,0.16172555874492642
446,694,2007,1.0,1.0,158931.0,67.69999695,8751704.0,0.62,12.0,0.7394548109131798,0.18477113753144175
448,700,2008,1.0,1.0,57176.0,208.8000031,12525174.0,0.958,31.0,0.49534848766364004,0.15034121661943897
449,701,1978,1.0,1.0,50660.0,52.5,2661488.0,1.2,51.0,0.30634760870701827,0.5335511372580914
450,702,1937,1.0,2.0,61929.0,55.20000076,2203026.5,0.9,59.0,0.4542990120950441,0.2463916863172006
453,19755,1925,1.0,3.0,20565.0,39.0,802312.5,0.27,65.0,0.6324024932880477,0.3399725800222528
454,705,2000,1.0,5.0,159937.0,73.80000305,7857972.5,0.34,63.0,0.8115253932769421,0.1487458254038256
455,706,2008,1.0,5.0,183964.0,108.3000031,14856199.0,0.56,56.0,0.8147497027572225,0.13206329435486275
456,707,1986,1.0,5.0,208210.0,50.09999847,5514308.5,0.56,95.0,0.47744764098535364,0.31029616466100784
457,708,1986,1.0,7.0,277486.0,65.90000153,12729858.0,0.32,63.0,0.6704267954251605,0.16989880300610374
458,709,1993,1.0,3.0,187130.0,52.59999847,10053489.0,0.37,77.0,0.788790864759142,0.16828605640186237
460,711,1912,1.0,5.0,154330.0,13.19999981,1262235.25,0.06,81.0,0.688941849089636,0.22626039564576209
461,712,1918,1.0,6.0,108245.0,45.79999924,4515180.5,0.46,,0.8632486210510439,0.05409619680546743
462,713,1905,1.0,6.0,167860.0,52.0,6797647.0,0.28,70.0,0.833660786891801,0.1300019984214946
463,715,1910,1.0,6.0,112560.0,51.29999924,4946798.5,0.87,86.0,0.535485468952744,0.2588350241899889
464,716,1910,1.0,6.0,86204.0,43.5,3241917.0,0.8,89.0,0.5025069739067359,0.27139557675601456
465,717,1985,1.0,2.0,145158.0,52.29999924,8384523.0,0.82,51.0,0.7188055755046697,0.14659811513919163
466,718,1951,1.0,2.0,112896.0,92.90000153,10287986.0,1.39,66.0,0.6601208861459397,0.19430986362068495
467,719,1960,1.0,1.0,110613.0,9.199999809,1015060.188,0.06,95.0,0.6730887026992333,0.28280464457751764
468,720,1951,1.0,4.0,149881.0,16.10000038,2417401.25,0.64,97.0,0.21565986466544598,0.260577664419412
469,722,1951,1.0,3.0,98220.0,50.0,6468090.0,0.77,12.0,0.7722498854736,0.1408097010121539
470,723,1970,1.0,1.0,84420.0,35.0,2848317.25,0.24,55.0,0.5060562648358747,0.4837057999224899
471,725,1961,1.0,1.0,73335.0,70.90000153,5197118.0,2.12,,0.34415656396840166,0.31387313393027655
472,727,1928,1.0,2.0,56876.0,31.5,1791715.625,0.85,,0.4258085319097764,0.2455845359303725
473,728,1931,1.0,2.0,61200.0,80.30000305,4912143.0,2.92,16.0,0.2490259475660456,0.313898876575988
474,729,1987,1.0,1.0,111908.0,14.30000019,1555420.25,0.31,87.0,0.5105278838164993,0.24409401827890953
475,730,1986,1.0,2.0,63644.0,104.4000015,6858533.5,2.65,,0.4800591833467338,0.22396275613950026
476,731,1930,1.0,2.0,108753.0,33.5,3639670.25,0.23,,0.7729408962227988,0.16733784720864422
478,734,2001,1.0,4.0,92092.0,68.69999695,4817062.0,0.36,5.0,0.8489717676672239,0.11941826725539055
479,735,1974,1.0,3.0,56259.0,41.70000076,2346571.5,1.54,,0.25565172934518715,0.26634812873073377
481,739,2008,1.0,4.0,202623.0,79.5,8873485.0,0.31,73.0,0.833300838830535,0.13525732609431015
482,740,2000,1.0,2.0,77174.0,71.0,5481549.0,0.5,33.0,0.7880284107116781,0.19296120110206536
483,741,1998,1.0,5.0,110524.0,63.90000153,6859198.0,0.43,57.0,0.8407245117806214,0.1299270662184212
486,744,2000,1.0,7.0,241875.0,53.09999847,8655604.0,0.28,88.0,0.8407759380504128,0.1426618974546617
487,745,1974,1.0,5.0,102930.0,53.29999924,4750799.0,0.63,85.0,0.7181773512375774,0.15947662479019523
488,748,1902,1.0,3.0,76893.0,113.3000031,12029600.0,3.38,,0.5557407364256958,0.18563448993382922
489,749,1975,1.0,8.0,150000.0,73.80000305,9343428.0,0.8,65.0,0.689726716712148,0.20983149817869004
492,752,1963,1.0,11.0,169020.0,65.59999847,11480494.0,2.05,83.0,0.6279778639282649,0.2515192891663683
493,753,1981,1.0,2.0,429405.0,53.20000076,2615247.75,4.48,98.0,0.3381413671194548,0.630898056335995
494,775,1985,1.0,2.0,47237.0,55.29999924,2615247.75,0.45,86.0,0.21078914635490184,0.13340613640060117
497,756,1929,1.0,4.0,78920.0,105.1999969,8303666.5,1.39,80.0,0.7365938612294867,0.14781460984324749
498,757,1979,1.0,7.0,131143.0,39.5,5177270.5,0.83,93.0,0.6637300499909503,0.14332298790639922
500,759,1908,1.0,4.0,55520.0,66.40000153,3686962.25,2.72,,0.19138201005971112,0.27547681803932755
501,760,1908,1.0,10.0,132998.0,27.29999924,3775187.5,1.01,97.0,0.4478357814755157,0.30540940789505483
502,761,1940,1.0,3.0,83118.0,54.29999924,2443141.5,0.33,59.0,0.4122098467487483,0.5441847937418914
503,762,1924,1.0,3.0,77555.0,106.0999985,7802205.5,0.7,39.0,0.8441490128928106,0.15583443315459167
504,763,1909,1.0,6.0,51218.0,55.5,2886141.5,0.39,57.0,0.5051804085881327,0.47654044561094416
509,768,1910,1.0,7.0,122356.0,41.09999847,4585070.5,0.34,91.0,0.7968368004160025,0.164293889726944
510,769,1921,1.0,3.0,52298.0,39.20000076,1968655.125,0.26,89.0,0.7660428184706631,0.19169938398867858
511,771,1911,1.0,17.0,116640.0,70.30000305,6758565.5,1.45,75.0,0.5879409794203172,0.2033185095111955
513,773,1924,1.0,4.0,63150.0,53.20000076,2615247.75,0.85,,0.32093200169418673,0.5940399213399339
514,776,1988,1.0,5.0,188339.0,104.0999985,8523594.0,0.47,15.0,0.7902131943712722,0.1445519728185604
515,777,1916,1.0,2.0,60122.0,11.5,690529.5,0.15,,0.5286202913940837,0.38446915547795263
516,778,1910,1.0,6.0,95000.0,48.0,4052720.0,0.33,83.0,0.8229883913120011,0.16278058079809252
518,780,1998,1.0,8.0,446261.0,39.5,13568148.0,0.21,96.0,0.7546497548053962,0.1794268254982165
519,782,1939,1.0,2.0,58492.0,27.29999924,1594422.5,0.88,,0.31734502476333215,0.29509938747627984
520,783,1907,1.0,6.0,62370.0,72.69999695,4353025.0,0.49,30.0,0.801086185351592,0.16588303993546924
521,784,1960,1.0,1.0,73296.0,30.29999924,2356376.75,1.0,83.0,0.3390332914299211,0.28515865111776356
522,785,1944,1.0,4.0,99122.0,146.0,14469228.0,1.81,,0.7132494823138924,0.19159764386016556
523,786,1985,1.0,1.0,66133.0,82.40000153,6345009.5,1.36,,0.6619173643724859,0.21562529009683545
524,787,1952,1.0,2.0,115668.0,30.79999924,3534690.75,0.96,,0.3496085150704529,0.2546404279212519
525,791,1970,1.0,1.0,141686.0,43.79999924,6673138.0,0.33,,0.8331121959045916,0.13234046300296604
526,792,1950,1.0,1.0,93610.0,61.29999924,6235947.0,1.63,95.0,0.46597945568682864,0.25064349328867047
527,793,1973,1.0,2.0,156188.0,48.20000076,6843855.0,0.39,67.0,0.8296527238459709,0.134115354248965
528,794,1966,1.0,1.0,115620.0,34.29999924,1951856.25,0.12,11.0,0.7697247940638324,0.19954325372684628
529,796,1975,1.0,5.0,238148.0,43.90000153,10775646.0,0.32,93.0,0.8051460013772253,0.1642947722498133
530,797,1969,1.0,1.0,71718.0,2.099999905,151754.2969,0.01,100.0,0.2418255362711031,0.6873146766961522
531,798,1969,1.0,1.0,55450.0,78.40000153,4345698.0,2.37,31.0,0.379906725648709,0.23182477090832376
532,799,1979,1.0,1.0,54880.0,50.20000076,2763597.0,1.63,32.0,0.3423623389364597,0.2374591527337601
533,800,1992,1.0,1.0,102500.0,73.40000153,7305474.0,1.55,81.0,0.5377942972092971,0.2099452936327763
534,801,2002,1.0,6.0,361398.0,108.5,8915523.0,0.33,,0.7031397848671138,0.18199393116092674
535,802,1963,1.0,1.0,50785.0,271.7000122,7439009.0,3.85,57.0,0.43969653909977585,0.24412737392451805
537,804,2000,1.0,5.0,303255.0,36.5,11077140.0,0.33,,0.8004575128182232,0.16368119103727805
539,806,1902,1.0,4.0,73320.0,20.0,1141189.75,0.4,,0.385444274139707,0.354735564081944
540,807,2008,1.0,4.0,242686.0,65.0,9683979.0,0.28,77.0,0.7564110074384314,0.19380331916661364
541,809,1900,1.0,6.0,95760.0,56.29999924,5392617.5,0.78,83.0,0.6748640119525334,0.20779389538437412
542,811,1946,1.0,1.0,179413.0,19.39999962,3459543.0,0.13,57.0,0.7556597634604114,0.19377256652567132
543,812,1917,1.0,1.0,65288.0,8.600000381,605971.1875,0.06,,0.5469059010036356,0.3892730826090939
544,813,1966,1.0,1.0,170632.0,3.5,602245.0,0.02,98.0,0.5453770859842381,0.3905865548804348
545,814,1994,1.0,10.0,381511.0,51.90000153,11410228.0,0.28,87.0,0.7672126667863193,0.19199694990936
546,815,2009,1.0,17.0,413264.0,46.09999847,13631141.0,0.23,91.0,0.7555063815734984,0.17880036669229415
547,817,2009,1.0,6.0,122400.0,68.30000305,4865551.5,0.65,63.0,0.6728164042569319,0.15630329354167216
548,819,1956,1.0,2.0,93803.0,58.79999924,5453438.5,1.18,,0.5135750989388033,0.2789628184987573
549,821,1966,1.0,2.0,123000.0,21.89999962,3004271.0,0.17,47.0,0.49513193165129077,0.49847475132803987
550,861,2003,1.0,5.0,275130.0,55.90000153,9941308.0,0.25,70.0,0.8052229174422828,0.1556133379587065
551,822,1978,1.0,1.0,60448.0,17.39999962,1052244.75,0.45,90.0,0.3745413482695719,0.36521324530941185
552,828,1994,1.0,14.0,47237.0,177.8999939,2615247.75,6.97,54.0,0.08179335110507759,0.05176611387672852
553,829,1928,1.0,4.0,62600.0,51.79999924,11147342.0,6.49,,0.2993736925804326,0.17213726837171825
554,830,2004,1.0,4.0,77412.0,58.20000076,2655387.5,0.27,,0.46746181591647473,0.5234566453401299
555,831,1990,1.0,5.0,289419.0,87.09999847,12731388.0,0.46,59.0,0.7344000458277667,0.20504260099637941
556,832,1987,1.0,5.0,90266.0,88.80000305,7771933.5,0.6,18.0,0.8106052803582501,0.15022199650052154
557,837,2004,1.0,4.0,87332.0,13.30000019,1165598.875,0.17,87.0,0.57315435848577,0.34990629378644356
558,839,2003,1.0,6.0,150545.0,133.3999939,13410041.0,3.01,28.0,0.3164127725592959,0.24250464893026624
560,843,2008,1.0,5.0,111856.0,98.40000153,9444484.0,2.49,8.0,0.38725380699109385,0.242025952907143
561,845,1988,1.0,4.0,132828.0,8.199999809,1083729.625,0.06,83.0,0.6406874024703104,0.3004185835311604
562,847,1970,1.0,1.0,70400.0,198.3000031,13962749.0,4.03,1.0,0.5328709567060129,0.24973755788880533
563,848,1995,1.0,1.0,101830.0,81.90000153,10713006.0,2.9,60.0,0.45548498848045893,0.17787483010461883
564,851,1974,2.0,4.0,114000.0,66.40000153,7575080.0,0.96,,0.6961053069894061,0.16852625111833083
565,857,1965,1.0,1.0,152365.0,6.800000191,1069749.75,0.09,88.0,0.5998946641233708,0.3232096821200688
567,859,1958,1.0,1.0,74178.0,72.80000305,5402181.0,1.82,,0.42371191208656905,0.3055998083817545
568,864,1987,1.0,4.0,80360.0,8.5,686019.1875,0.2,96.0,0.39112688915107047,0.38602102570247926
569,867,1996,1.0,3.0,119190.0,217.8000031,10077532.0,2.24,71.0,0.46899733512112635,0.18699392910206702
570,868,2008,1.0,2.0,51856.0,37.40000153,1938613.125,0.26,,0.7685158804068906,0.2005908287951229
571,1280,1921,1.0,3.0,66138.0,139.8000031,7070998.5,0.75,3.0,0.8271853694581196,0.1284812256489822
573,19445,2000,1.0,3.0,93079.0,21.89999962,1997181.5,0.28,32.0,0.7005294554013436,0.197864396053483
574,19461,1957,1.0,2.0,22220.0,35.0,778355.8125,1.43,90.0,0.17199731447146274,0.3565551201444302
575,19472,1962,1.0,1.0,44700.0,42.70000076,2042771.0,0.68,,0.6665452830784111,0.19430654800235211
576,19477,1976,1.0,1.0,44100.0,40.5,1618916.375,0.26,1.0,0.7449270550194216,0.20194294786657285
577,19481,1965,1.0,1.0,27800.0,44.0,1224186.25,0.88,13.0,0.47560223276859714,0.33883455701017157
578,19489,2001,1.0,1.0,46340.0,55.29999924,2564004.0,0.39,3.0,0.45989510520201826,0.5231740730413494
579,19501,1910,1.0,3.0,38460.0,50.70000076,1950713.25,0.94,69.0,0.5908256344305793,0.21311146353409643
580,19520,1922,1.0,2.0,21022.0,45.0,945245.625,2.09,54.0,0.09302419432483812,0.3623685329829763
581,19559,1967,1.0,1.0,48001.0,44.70000076,2143650.75,1.8,49.0,0.1932247853707633,0.3021892510111155
582,19565,1979,1.0,1.0,26380.0,19.29999924,509124.0,0.14,,0.5406161522167119,0.4586310071256978
583,19570,1969,1.0,1.0,37351.0,65.40000153,2559461.75,2.06,10.0,0.373227915846316,0.25163250613974897
584,19572,1981,1.0,1.0,30375.0,11.39999962,345866.6875,0.08,73.0,0.3981456545082177,0.49650823797529986
585,19576,1979,1.0,1.0,30004.0,12.60000038,369291.5,0.09,,0.4082084283168246,0.4767677264531993
586,19584,1928,1.0,3.0,39971.0,274.2000122,10960107.0,0.85,,0.2741046170967506,0.165124054489132
587,19596,1914,1.0,2.0,33589.0,15.19999981,509836.1875,0.65,90.0,0.1186059544890083,0.45828404302888187
588,19613,1979,1.0,3.0,43500.0,74.0,3220635.25,0.52,46.0,0.7366602833307901,0.2623688464961842
589,19621,1978,1.0,2.0,28492.0,66.59999847,1896298.875,1.33,12.0,0.5625477232676378,0.2178941967490924
590,19623,1963,1.0,3.0,22325.0,62.79999924,1401315.875,0.44,,0.7481997233700196,0.19269386747125117
591,19624,1977,1.0,3.0,22719.0,59.79999924,1358519.0,0.42,,0.7249479586296637,0.1925872559853496
592,19654,1946,1.0,2.0,44588.0,105.0999985,7251589.0,1.13,,0.8245297488855072,0.12487938430135188
593,19696,1917,1.0,2.0,147545.0,46.0,6787070.0,1.15,69.0,0.4715159027350884,0.22578850263811281
594,19697,1923,1.0,2.0,21462.0,42.90000153,1114384.625,0.36,,0.5937581978263523,0.3342717767368922
595,19730,1917,1.0,2.0,28072.0,57.20000076,1362523.0,2.26,,0.09670662229748583,0.3152788608543241
596,19742,1955,1.0,2.0,31020.0,160.1999969,4970047.0,6.69,,0.16925762700537036,0.31138056364759614
597,19743,1917,1.0,2.0,21600.0,75.80000305,1636649.125,1.37,,0.6217545768128673,0.18067125900377018
598,19747,1974,1.0,5.0,61825.0,104.0999985,4322873.0,2.28,59.0,0.32023380473355356,0.2773760031351737
599,19750,1942,1.0,3.0,64630.0,21.79999924,1408291.375,0.15,96.0,0.7491339828413816,0.1919789116611631
600,19752,1948,1.0,2.0,20920.0,49.79999924,1042108.5,2.02,15.0,0.16649141527903877,0.3913207215475911
601,19766,1926,1.0,2.0,22128.0,27.5,608359.6875,1.14,94.0,0.1474558300238915,0.4148550692514667
602,19774,1968,1.0,1.0,48139.0,21.5,859236.625,0.5,98.0,0.36294756642157433,0.33420947139037016
603,19776,2002,1.0,1.0,29924.0,48.499999618000004,1427014.925,1.514,,0.2941079857091419,0.2417376463263335
604,19787,1949,1.0,2.0,21364.0,45.20000076,965651.125,2.05,86.0,0.10794247234078029,0.3574481792729205
605,19833,1992,1.0,2.0,28923.0,15.30000019,439311.9063,0.53,,0.2007383077912558,0.49540678229199764
606,19836,1928,1.0,3.0,21600.0,15.0,323739.4063,0.29,,0.3119595371394908,0.5712367495351158
607,19845,1996,1.0,1.0,25735.0,45.5,1169394.875,0.7,82.0,0.5307839762729358,0.3491670524290368
608,19847,1956,1.0,2.0,25862.0,185.6999969,4801472.0,5.96,20.0,0.3282161438323369,0.27892745829765303
609,19848,2003,1.0,2.0,49965.0,67.59999847,3377209.75,0.59,82.0,0.7179677498934417,0.25328586674476056
610,19853,1929,1.0,2.0,20028.0,25.60000038,511797.4063,0.71,95.0,0.5397840264225896,0.2274879605322237
611,19855,1900,1.0,7.0,23622.0,19.39999962,552007.5,0.42,100.0,0.4269694012870574,0.4386299367955434
612,19856,1902,1.0,3.0,23563.0,37.5,883197.6875,0.26,67.0,0.6568404698809995,0.31286804952864467
613,19857,1903,1.0,3.0,28600.0,40.90000153,1062722.625,0.85,,0.41829829877360414,0.36291921399835625
614,19858,1978,1.0,2.0,38539.0,83.59999847,2186018.5,0.4,55.0,0.4417658183163053,0.5320641577621262
615,19860,1906,1.0,5.0,26840.0,68.5,1989287.0,0.52,24.0,0.7671054969326545,0.18997433647464276
616,19861,1906,1.0,2.0,46800.0,26.60000038,1245187.5,0.19,86.0,0.6544719706982502,0.2765284503741329
617,19862,1979,1.0,3.0,63990.0,53.0,2067352.5,0.23,51.0,0.8057107368591426,0.19244082610116145
618,19864,1908,1.0,3.0,28800.0,38.40000153,1345025.75,1.0,50.0,0.46841667711292007,0.3180756771802239
619,19871,1954,1.0,3.0,33552.0,63.90000153,1696978.75,1.8,75.0,0.2722279064657633,0.28229967268156786
620,19873,1931,1.0,2.0,26270.0,59.40000153,1560461.75,1.29,32.0,0.5158695547403027,0.24349748965359702
621,19874,1926,1.0,3.0,57620.0,47.90000153,2385395.0,0.29,50.0,0.4423206227480963,0.5248628045719219
622,19876,1954,1.0,2.0,28696.0,20.20000076,418348.5,0.1,,0.4362020782037126,0.4497214877976805
623,19878,1990,1.0,5.0,57800.0,42.29999924,2443065.25,1.15,87.0,0.4268351036643987,0.2418501037607272
624,19894,1955,1.0,2.0,31890.0,59.59999847,1858224.625,0.41,2.0,0.7592655687793065,0.2067497477715236
625,19895,1925,1.0,2.0,44098.0,55.59999847,1441900.5,0.95,53.0,0.5191379111052035,0.23591729110141205
626,19896,1923,1.0,3.0,22381.0,157.8999939,3532966.5,5.66,,0.26729347090020844,0.28407335561783686
628,19902,1925,1.0,1.0,24825.0,18.0,439521.0938,0.45,,0.3037532768047461,0.49528788489863174
629,19910,1952,1.0,4.0,26670.0,58.20000076,1553208.375,0.41,51.0,0.811435563870135,0.18854719571998987
630,19917,1922,1.0,2.0,37740.0,79.5,3095882.0,2.28,,0.4017039092334795,0.268179527419371
631,19926,1965,1.0,1.0,23752.0,44.90000153,1067153.75,1.28,,0.34143069556936356,0.3619577477250496
632,19927,1967,1.0,4.0,44416.0,50.70000076,2669564.25,1.64,61.0,0.4174674339986438,0.2548151186725119
633,19928,2006,1.0,2.0,33792.0,241.1000061,2547848.0,0.91,,0.4153397381248204,0.5337577737245152
634,20000,1928,1.0,2.0,45991.0,24.89999962,1145535.75,0.79,77.0,0.29839623635239904,0.3538659865410369
635,20029,1921,1.0,3.0,21499.0,28.10000038,605130.6875,0.2,85.0,0.5459346104428039,0.3891217885019363
636,20033,1989,1.0,2.0,20384.0,71.59999847,1791071.375,0.68,16.0,0.7588744402402973,0.2277797503178369
637,20047,1956,1.0,2.0,39265.0,133.3999939,5238803.0,1.2,,0.7528776715948596,0.21259781910836026
638,20048,1956,1.0,2.0,54284.0,124.0,6778694.0,1.17,18.0,0.8195464893032223,0.1352302154020224
639,20050,1956,1.0,1.0,23409.0,108.6999969,2545405.0,1.21,67.0,0.4236691040943091,0.5339964998590528
640,20052,1997,1.0,1.0,63153.0,73.5,4644178.0,0.75,,0.7777234094220498,0.1625427766207836
641,20066,1961,2.0,2.0,24100.0,51.40000153,1587454.75,1.93,91.0,0.3627527917566489,0.2960111431623596
642,20067,1923,1.0,3.0,33600.0,133.1999969,4475650.0,3.04,,0.5088442622765385,0.22571746907149043
643,20073,1927,1.0,4.0,32356.0,57.40000153,1857154.75,2.32,81.0,0.36070256411150897,0.3266899041426933
644,20082,1960,1.0,7.0,61180.0,65.30000305,3993913.25,2.06,24.0,0.3557076353172706,0.23614762712163803
645,20087,1978,1.0,5.0,43506.0,106.1999969,3460275.5,2.28,51.0,0.392921661246983,0.2586999160506121
646,20130,1910,1.0,2.0,23931.0,20.70000076,496477.3125,0.78,88.0,0.18007826222983983,0.4648827448925082
647,20132,1948,1.0,2.0,21393.0,39.5,845961.375,1.53,57.0,0.21028647227835476,0.3321263618835133
648,20141,1990,1.0,2.0,47560.0,24.0,1132489.625,0.7,80.0,0.33144421713807914,0.3564892242245733
649,20145,2006,1.0,6.0,62334.0,21.0,1076733.25,0.56,100.0,0.2860479785307901,0.35989654742752375
650,20160,1930,1.0,3.0,20960.0,71.59999847,1500309.75,3.08,,0.15453438936532685,0.2948616493044601
651,20166,1910,1.0,3.0,28800.0,24.89999962,717056.375,0.29,,0.5593545390606564,0.3755880345473031
652,20167,1957,1.0,2.0,21600.0,58.40000153,1261536.75,1.8,72.0,0.32279166476411314,0.3321344929976104
653,20168,1995,1.0,3.0,22860.0,40.70000076,931148.625,0.28,43.0,0.633261546753124,0.3324884613998835
654,20182,1972,1.0,1.0,26366.0,33.70000076,888031.875,1.22,88.0,0.24741898670539125,0.3214495969698704
655,20197,1965,1.0,2.0,21732.0,39.59999847,860364.1875,1.09,2.0,0.3709585372241797,0.33391761206542264
656,20211,1945,1.0,1.0,21060.0,14.30000019,350264.5938,0.32,,0.330328710823804,0.5518495538090011
657,20212,1960,1.0,4.0,20539.0,81.0,1678458.75,1.82,,0.5151612705433832,0.23032197820154168
658,20237,1900,1.0,3.0,32960.0,24.70000076,813641.0,0.17,71.0,0.6356560131972343,0.3369635619046553
659,20241,1921,1.0,3.0,29636.0,23.20000076,688641.8125,0.16,,0.5813582379591306,0.36411949333128607
660,20242,1930,1.0,3.0,20571.0,34.79999924,716279.6875,0.24,72.0,0.5918140781669137,0.35636634176490495
661,20266,1926,1.0,2.0,47992.0,63.29999924,3040195.5,2.47,17.0,0.22616503982679884,0.2638485683284928
662,20273,1993,1.0,3.0,28572.0,123.5,2717863.25,3.13,16.0,0.331755713077111,0.24049396457060143
663,20323,1982,1.0,15.0,115775.0,16.5,2882489.75,0.17,94.0,0.4828794510575298,0.4996261910366053
664,20324,2000,1.0,2.0,31386.0,37.59999847,1128179.125,0.86,52.0,0.4047037660403722,0.35736463329242973
665,20369,2012,1.0,2.0,84116.0,48.0,2641681.75,0.24,68.0,0.46877387154648376,0.524747375909685
666,20372,1925,1.0,9.0,104000.0,83.59999847,8690648.0,3.42,8.0,0.47865502767932505,0.41177004969336434
667,20377,1981,1.0,3.0,78374.0,56.59999847,3321035.75,0.3,98.0,0.7695317384257642,0.20555956259989502
668,20387,2007,1.0,2.0,38784.0,54.70000076,1841154.25,0.67,,0.6555978412375608,0.22296529593147738
669,20393,1969,1.0,2.0,41790.0,52.09999847,2177075.0,0.8,,0.35983655799823394,0.5605690260475418
670,20395,1900,1.0,5.0,39960.0,54.5,2178690.5,1.25,77.0,0.495234985975982,0.24263172154016133
671,20396,1900,1.0,5.0,33300.0,3.0,90558.70313,0.02,,0.15881696887001104,0.7564128364406046
672,20397,1926,1.0,11.0,36240.0,59.29999924,2147968.25,3.34,98.0,0.2124565854267166,0.539169166024684
673,20398,1922,1.0,3.0,39320.0,77.40000153,3042875.5,3.7,,0.31475521141472834,0.38297184825900304
674,20402,1908,1.0,5.0,41536.0,65.90000153,2735166.0,0.46,,0.47546791291904306,0.5148764152778238
675,20406,1909,1.0,6.0,35820.0,92.69999695,3321603.0,3.65,94.0,0.22254862810749917,0.2558323501933825
676,20415,1922,1.0,2.0,33462.0,68.90000153,3987215.5,5.54,76.0,0.09959651148208205,0.3092969629430178
677,20419,1965,1.0,3.0,49744.0,42.20000076,2096835.5,1.79,98.0,0.16604549461675283,0.27214229630516845
678,20425,1923,1.0,2.0,37816.0,37.0,1411305.5,1.15,60.0,0.3349143016419842,0.30773478433989104
679,20427,1926,1.0,2.0,23315.0,81.30000305,1354000.625,1.5,,0.40327061289735255,0.3166350534673768
680,20428,1930,1.0,2.0,20700.0,206.1000061,4265815.0,0.85,,0.14558772455923163,0.24373845547534234
681,20433,1948,1.0,1.0,41521.0,116.0,3343550.0,2.41,,0.36842039948822974,0.26533492848034157
682,20435,1946,1.0,2.0,25762.0,74.0,1906384.875,0.52,100.0,0.7639114285934819,0.20275974792026816
683,20439,1984,1.0,1.0,33334.0,122.4000015,6118300.5,6.31,,0.2839466227120901,0.30081441356064637
684,20440,1981,1.0,3.0,43387.0,59.70000076,2686765.0,0.79,60.0,0.4198390640923571,0.5205254697427172
685,20470,1979,1.0,1.0,39350.0,6.5,267135.0938,0.05,,0.34728106169717377,0.5607172448980984
686,20474,1949,1.0,1.0,22405.0,189.1000061,3498214.75,6.01,,0.22654374628134688,0.2860879888750243
687,20500,1985,1.0,1.0,37500.0,29.5,1811506.375,0.35,36.0,0.7766534620364918,0.21833770224764004
688,20503,1990,1.0,2.0,39000.0,67.09999847,2615247.75,0.87,25.0,0.4112718953534433,0.5272547987505981
689,20506,1924,1.0,1.0,22180.0,229.3999939,5089083.0,6.63,,0.37846789461193037,0.2791488176783313
690,20519,1969,1.0,1.0,25920.0,47.09999847,1219744.75,0.48,,0.613648812399108,0.3396492127527943
691,20520,1953,1.0,1.0,25480.0,29.10000038,741287.1875,0.2,,0.5994548689928055,0.3487897499207398
692,20522,1970,1.0,2.0,31000.0,74.19999695,2301043.75,0.64,,0.44423925758552896,0.5388820569716303
693,20523,1961,1.0,1.0,29740.0,48.90000153,1467060.25,0.67,57.0,0.6888527420292447,0.19743303958368336
694,20525,1954,1.0,1.0,23236.0,18.70000076,433871.0,0.56,,0.251153207045102,0.4985223103543335
695,20526,2009,1.0,3.0,38075.0,50.5,1921801.25,0.5,,0.741169894008603,0.20841861481660262
696,20531,1970,1.0,2.0,39170.0,60.0,2130673.75,1.61,81.0,0.3798581296781977,0.2546253891300574
697,20532,1977,1.0,1.0,36070.0,21.60000038,1441665.375,0.28,,0.7528374159514256,0.18846177239708153
698,20541,1963,1.0,2.0,20047.0,5.900000095,117438.3984,0.04,,0.2024371999099692,0.743490255010109
699,20552,1914,1.0,1.0,20000.0,27.89999962,557863.6875,0.19,75.0,0.5135049517578691,0.3970177327234079
700,20556,1955,1.0,2.0,32400.0,7.599999905,248616.0,0.05,91.0,0.3264400828882169,0.5663279685916487
701,20565,1962,1.0,1.0,25159.0,53.20000076,8905287.0,0.85,38.0,0.43234220517638966,0.2108585880124213
702,20573,1948,1.0,1.0,27247.0,90.40000153,2332996.5,3.05,,0.2776575560003647,0.2674833825595386
703,20604,1955,1.0,1.0,26680.0,7.199999809,243518.2031,0.06,92.0,0.32197600113226754,0.5702772405226817
704,20605,1953,1.0,1.0,31521.0,56.70000076,1788148.0,1.96,6.0,0.3004833065454883,0.25471620770973946
705,20613,1951,1.0,1.0,24000.0,52.40000153,1257033.5,1.94,,0.23147521783735686,0.3329283424911766
706,20614,1952,1.0,1.0,21900.0,60.90000153,1333637.625,3.0,,0.057208792562097155,0.3199228101747072
707,20617,1953,1.0,1.0,39900.0,3.599999905,145468.7969,0.14,100.0,0.08496262155814174,0.7477925192237257
708,20618,1961,1.0,1.0,38005.0,19.79999924,752093.625,0.28,,0.5346490586989898,0.3644677336889086
709,20620,1998,1.0,1.0,35579.0,30.79999924,1096646.25,1.1,72.0,0.23151684392827432,0.38975158857877523
710,20626,1975,1.0,1.0,49950.0,4.800000191,238969.7031,0.03,77.0,0.31779968830927363,0.5735927968354456
711,20659,1947,1.0,2.0,22612.0,32.29999924,731321.8125,1.4,87.0,0.13496915048978622,0.3709794221610283
712,20685,1976,1.0,2.0,38787.0,82.59999847,3204685.5,1.74,,0.4995810185349552,0.28058629915135563
713,20686,1988,2.0,2.0,50368.0,15.0,753275.1875,0.57,,0.20909529764420673,0.36410437021405684
714,20707,1938,1.0,1.0,30545.0,51.59999847,1577040.875,2.01,12.0,0.21464677987699973,0.2973845535959212
715,20735,1922,1.0,3.0,32691.0,29.0,971990.3125,0.91,99.0,0.30972936504708626,0.3628233822479267
716,20743,1963,1.0,2.0,24227.0,41.5,1086678.125,1.96,55.0,0.1227661532121374,0.39192554985683664
717,20768,1956,1.0,1.0,27000.0,24.10000038,651293.3125,0.7,61.0,0.31510971593404813,0.39840314176046787
718,20815,1957,1.0,2.0,21183.0,25.89999962,361542.0938,0.12,99.0,0.4090448488544845,0.48798421870556247
719,20818,1961,1.0,3.0,29392.0,25.70000076,755618.1875,0.21,91.0,0.6199925260991985,0.36338562937341884
720,20836,1985,1.0,5.0,137738.0,57.20000076,4704936.5,0.24,62.0,0.8132032094990873,0.15579702791135425
721,20861,1988,1.0,3.0,21118.0,64.5,1361427.75,1.87,49.0,0.35747138443676896,0.3154524481411464
722,20868,2013,1.0,5.0,206126.0,32.0,4489661.0,0.35,98.0,0.6680908843906411,0.16721267231885692
723,20871,1900,1.0,2.0,20500.0,64.69999695,1326178.125,0.55,48.0,0.714015914953945,0.2615707479556458
724,20885,1966,1.0,2.0,34636.0,53.20000076,12148720.0,0.85,3.0,0.24053301650435727,0.17948319743531677
725,20888,1930,1.0,2.0,25521.0,23.70000076,605186.3125,0.61,82.0,0.34865796677291705,0.4161254502705306
726,20890,1986,1.0,1.0,23190.0,73.5,1705515.25,2.94,79.0,0.2049369198902684,0.2812842042485728
727,20916,1960,1.0,1.0,20678.0,33.29999924,770333.0,1.58,98.0,0.14939245263158776,0.3589357207782612
728,20917,1922,1.0,3.0,28820.0,76.80000305,2595783.5,3.69,43.0,0.19745295002834923,0.24709549665528455
729,20928,1954,1.0,2.0,27876.0,40.79999924,1829981.375,2.47,69.0,0.24248840121495577,0.27442290237311817
730,20970,1966,1.0,2.0,48882.0,161.8000031,6782435.0,4.81,51.0,0.29517694889450946,0.2607717997842403
731,20976,1977,1.0,1.0,22320.0,19.70000076,439065.9063,0.14,62.0,0.4486562746220237,0.4407350031068458
732,20978,1976,1.0,1.0,47105.0,225.8000031,10234721.0,7.39,,0.3413723146488415,0.1747817240679038
733,20979,1982,1.0,2.0,40029.0,36.79999924,1471914.25,0.26,69.0,0.7621220109282617,0.1868652298627879
734,20984,1970,1.0,2.0,28304.0,46.70000076,1269367.5,0.31,67.0,0.6588081912788816,0.27305814331954875
735,20985,1970,1.0,1.0,26400.0,16.29999924,452612.5,0.12,,0.4561837131824238,0.4347176939318296
736,20986,1968,1.0,1.0,27680.0,64.19999695,1778431.75,2.34,,0.2597787331546884,0.2808461567794295
737,20987,1969,1.0,2.0,25872.0,69.09999847,1787119.0,1.77,,0.4491799441708637,0.24606070802630736
738,20988,1969,1.0,2.0,25872.0,96.0,2399353.5,3.17,41.0,0.30309982177634764,0.26202415054279893
739,20989,1969,1.0,1.0,20500.0,10.39999962,222600.0938,0.08,65.0,0.3138798118014472,0.6081795725408696
740,21005,1958,1.0,2.0,21436.0,24.89999962,534703.6875,0.17,95.0,0.5029077339472848,0.4056658852658369
741,21023,1998,1.0,1.0,20233.0,31.10000038,630250.125,0.9,,0.3127149982083,0.40630054306367475
742,21057,2006,1.0,4.0,39926.0,36.70000076,1010967.688,0.36,,0.5664891933277003,0.32595804080235186
743,21088,1985,1.0,3.0,31417.0,42.79999924,1126157.25,0.89,94.0,0.39205060082419524,0.3577767116735326
744,21095,1928,1.0,6.0,46580.0,15.19999981,710275.375,0.11,,0.5809126865911397,0.3527588660189693
745,21097,1916,1.0,2.0,25920.0,18.5,478690.0938,0.13,5.0,0.47415684716107576,0.4272295433239836
746,21102,1919,1.0,2.0,25920.0,26.0,1011667.5,0.53,93.0,0.5780835617656259,0.3258062008549844
747,21103,1910,1.0,8.0,61721.0,52.20000076,2897079.75,0.6,93.0,0.4326020072418438,0.5055288491638098
748,21108,1919,1.0,2.0,25920.0,74.80000305,1793851.375,1.79,75.0,0.4554133112960802,0.22750715916551337
749,21115,1925,1.0,4.0,39760.0,62.29999924,2478960.0,3.77,92.0,0.2066290104145499,0.7017543346558975
750,21116,1920,1.0,3.0,30971.0,91.19999695,2823184.0,3.06,,0.4656346619234633,0.08181873885186204
751,21117,1946,1.0,3.0,22667.0,166.1999969,3767135.0,6.55,1.0,0.5235524619287142,0.4351692232456605
752,21119,1927,1.0,2.0,33840.0,65.80000305,2227638.25,1.8,,0.42222746877275696,0.2443345745393783
753,21122,2001,1.0,3.0,41827.0,100.3000031,4193371.0,2.63,,0.4563002480205452,0.21551404474122007
754,21125,2001,1.0,5.0,33740.0,52.29999924,1291405.25,0.27,79.0,0.6823988522755208,0.24823209069766394
755,21129,1911,1.0,2.0,20516.0,56.29999924,1021796.625,2.05,98.0,0.1566312882573064,0.3960192924245893
756,21133,1906,1.0,3.0,27480.0,39.29999924,1215156.25,0.31,88.0,0.6156413159627231,0.31784887682555696
757,21138,1947,1.0,1.0,46958.0,38.70000076,1818867.875,0.65,95.0,0.6120325704840838,0.22508231022475797
758,21140,1984,1.0,1.0,26532.0,72.90000153,1934224.25,2.51,5.0,0.29506776259082534,0.2725744845625693
759,21141,1981,1.0,2.0,22388.0,25.70000076,576405.125,0.42,,0.4549273927002784,0.4280102177401923
760,21142,1969,1.0,1.0,30730.0,99.30000305,3050455.25,2.39,,0.4574986606287233,0.27237871659769275
761,21145,1986,1.0,2.0,35600.0,59.0,2173143.75,0.52,47.0,0.4378084397974577,0.5478261538114977
762,21150,1949,1.0,3.0,62000.0,28.89999962,1799664.125,1.33,81.0,0.11224536214633361,0.29606768274277573
763,21172,1981,1.0,2.0,23600.0,32.90000153,776248.6875,0.23,82.0,0.6246923562122374,0.3471033008408856
764,21177,1986,1.0,3.0,40067.0,57.5,2303732.75,0.4,43.0,0.4451955760654495,0.5196672177891165
765,21178,1989,1.0,3.0,26419.0,40.70000076,1074989.0,0.28,67.0,0.6396674385497708,0.30237893155900136
766,21179,1979,1.0,3.0,25262.0,58.20000076,1469556.25,0.94,54.0,0.6234683095095598,0.22002053757073828
767,21180,1996,1.0,3.0,53103.0,126.0,4877959.0,0.72,,0.8620009636886654,0.12196458192653167
768,21181,1980,1.0,3.0,34106.0,49.5,1619177.125,0.33,57.0,0.7449576846798509,0.20191869816059277
769,21182,1980,1.0,3.0,34545.0,67.0,2313978.75,0.47,29.0,0.4462920451327631,0.5186401909576399
770,21183,1980,1.0,3.0,70296.0,39.59999847,2782066.5,0.28,86.0,0.49599905472658873,0.4853826307960698
771,25660,1902,1.0,4.0,27838.0,43.70000076,1217509.125,0.3,77.0,0.6160989696092897,0.31747041601908227
772,21192,1971,2.0,2.0,28368.0,41.5,1856230.625,1.06,,0.6232361000745119,0.22155562027459844
773,21208,1964,1.0,2.0,92080.0,56.0,5155090.5,1.38,,0.46146876696210815,0.25176002419407323
774,21212,1961,1.0,1.0,20236.0,97.09999847,1965182.25,2.45,,0.47620970006097735,0.2118748393284695
775,21213,1951,1.0,2.0,39815.0,51.5,2050600.75,1.01,62.0,0.5823403000462953,0.19791860644821044
776,21216,1970,1.0,4.0,25557.0,89.19999695,2280352.5,0.62,,0.4426774934561789,0.5220258236820594
777,21218,1958,1.0,2.0,26994.0,114.0,3076813.25,4.55,,0.2116089506284132,0.26152973564715293
778,21219,1972,1.0,1.0,48112.0,30.89999962,1485945.875,0.22,73.0,0.7679716979224461,0.18652137950559716
779,21221,2009,1.0,1.0,20909.0,63.40000153,1208029.25,1.57,,0.3696255436312751,0.34181731155988687
780,21226,2001,1.0,2.0,42793.0,67.40000153,1772188.5,0.29,27.0,0.7328494803371101,0.21847007816605765
781,21233,2007,1.0,2.0,45000.0,131.3999939,5912066.0,3.93,,0.3587262010268761,0.28680248848426987
782,21236,1998,1.0,1.0,26115.0,64.69999695,1689372.625,1.41,43.0,0.5395756807106545,0.2062136226331688
783,21239,1949,1.0,1.0,26033.0,38.20000076,1149140.25,1.74,78.0,0.19156811093425077,0.35314810048399625
784,21243,2007,1.0,4.0,48660.0,38.0,1881516.125,1.27,82.0,0.31558597167792696,0.2780868597333689
785,21244,1970,1.0,2.0,46539.0,116.0,5400049.5,3.88,73.0,0.2965676410874725,0.30568354131147696
786,21262,1909,1.0,4.0,29796.0,75.0,2233262.0,2.67,47.0,0.27950468295884656,0.2620024458460751
787,21265,1920,1.0,2.0,26400.0,45.5,983595.875,0.65,36.0,0.4952038578594649,0.3600838010056477
788,21266,1918,1.0,3.0,38148.0,25.10000038,1262255.75,0.23,98.0,0.6575441299377067,0.27406978027577283
789,21270,1928,1.0,2.0,28800.0,15.89999962,456953.0,0.44,,0.28067122381088727,0.4855679944564966
790,21278,1955,1.0,5.0,31945.0,56.5,1806468.0,0.39,4.0,0.734686744982821,0.21486164826230728
791,21290,1985,1.0,5.0,85963.0,84.69999695,4480961.0,0.36,43.0,0.7912411952055397,0.15916648586924134
792,21310,1900,1.0,4.0,34680.0,33.70000076,1169948.875,0.76,92.0,0.43119181704211673,0.34905942637116943
793,21313,1968,1.0,3.0,75058.0,74.40000153,5587347.0,3.3,24.0,0.13420999859773,0.29063204289156075
794,21315,1903,1.0,3.0,57720.0,1.0,24105.5,0.018000000000000002,,0.04785056093947691,0.8561966079458453
795,21317,1915,1.0,1.0,36504.0,129.6999969,2100982.75,0.57,2.0,0.758971987583178,0.18994556525398848
796,21318,1907,1.0,6.0,35200.0,85.19999695,2998208.25,0.59,8.0,0.4946269431578038,0.49897334497952145
797,21319,1907,1.0,5.0,35840.0,42.90000153,1538750.625,1.35,83.0,0.32781574487931386,0.3025457590166625
798,21321,1941,1.0,2.0,25920.0,57.40000153,1333432.125,0.36,60.0,0.6811099780478961,0.239954263188532
799,21322,1928,1.0,4.0,30525.0,132.8000031,2883139.0,2.41,17.0,0.5902773660233437,0.2120642350669229
800,21328,1964,1.0,4.0,49243.0,162.1000061,8476183.0,2.06,,0.7624263850308516,0.14524309470062727
801,21336,1912,1.0,3.0,20411.0,98.69999695,2014475.875,3.49,,0.2779141500212387,0.2775579813248396
802,21351,1962,1.0,2.0,30855.0,136.6000061,2946756.25,2.77,2.0,0.3938552596696881,0.2452826075094802
803,21353,1910,1.0,3.0,73549.0,38.5,2828950.5,1.46,90.0,0.24838898849056532,0.24245938912141013
804,21364,1988,1.0,5.0,45780.0,236.6999969,10834087.0,0.85,,0.48970016992203264,0.5051990770057079
805,21365,1963,1.0,3.0,39115.0,74.69999695,3735308.5,1.53,42.0,0.6249241504804787,0.22146929657843875
806,21366,1916,1.0,3.0,38038.0,29.5,1107290.625,1.46,,0.23470140770102582,0.37643779605223693
807,21367,1962,1.0,3.0,37796.0,46.5,2465983.5,3.27,55.0,0.35841193195210636,0.5594188323422651
808,21380,1993,1.0,1.0,27744.0,193.0,5355753.0,1.35,,0.771237508683172,0.2036863195136769
809,21382,1960,1.0,1.0,36444.0,4.400000095,161311.0938,0.03,80.0,0.24963198041924228,0.6674670697543051
810,21388,1950,1.0,1.0,27553.0,35.09999847,966677.125,1.15,63.0,0.2812825807951592,0.3640914672039652
811,21389,1951,1.0,1.0,57310.0,21.89999962,1253745.5,0.61,,0.36542548462236596,0.33351026723886223
812,21391,1920,1.0,2.0,25920.0,38.20000076,989079.5,0.64,,0.5096243106015131,0.35321117184045936
813,21396,1919,1.0,3.0,40686.0,51.79999924,2106073.5,1.79,,0.2913536024806605,0.27127240337985703
814,21397,1964,1.0,2.0,45271.0,56.40000153,2553763.5,1.83,57.0,0.33589092638052004,0.2520525125484294
815,21398,1920,1.0,3.0,28380.0,48.40000153,1372213.375,1.26,62.0,0.4022400150831316,0.3137510175550199
817,21401,1926,1.0,3.0,26176.0,40.70000076,966907.375,1.23,95.0,0.2746232665113,0.36403638822259976
818,21413,1926,1.0,1.0,37740.0,198.6000061,7442314.5,1.95,1.0,0.8165928245267978,0.12859642331936844
819,21418,1961,1.0,1.0,26000.0,105.9000015,5277482.5,7.08,,0.4289445953303807,0.2829944826126203
820,21424,2009,1.0,3.0,23241.0,31.79999924,739210.5,0.89,66.0,0.34468236683655185,0.3684794430431655
822,21432,2002,1.0,1.0,21018.0,83.80000305,1761137.5,1.17,,0.7891746435003228,0.08750150208091097
823,21433,1998,1.0,1.0,30533.0,206.1999969,5903015.0,6.29,,0.31772548340997037,0.28711597910164255
825,21436,1992,1.0,2.0,40600.0,56.40000153,2485521.0,1.01,,0.7465630967318199,0.06820145493140041
826,21438,1999,1.0,4.0,38038.0,52.70000076,2003807.75,0.37,84.0,0.7691997828663084,0.18911263659343572
827,21442,2007,1.0,4.0,64596.0,60.70000076,2524228.25,1.2,92.0,0.3602802243076876,0.2542518486938385
828,21443,1928,1.0,3.0,41466.0,227.5,9190442.0,5.64,1.0,0.4728521602253133,0.21082888823514676
829,21445,2013,1.0,6.0,130710.0,56.79999924,7429423.0,0.66,92.0,0.7829839923072719,0.12879083242205797
830,21447,1926,1.0,4.0,35780.0,62.59999847,1912760.75,0.37,77.0,0.7548906205370229,0.19969762304380223
831,21459,1964,1.0,4.0,25132.0,55.59999847,564754.1875,0.16,41.0,0.5259820485526007,0.401703126669379
832,21464,1966,1.0,1.0,49680.0,57.29999924,2844685.0,2.4,,0.31779020677218267,0.34632232677140257
833,21465,1962,1.0,1.0,36314.0,50.5,1832808.75,1.22,,0.6506460868867184,0.11991264804509864
834,21468,1916,1.0,2.0,25920.0,62.09999847,1257774.625,0.34,,0.6567428720576122,0.2747110324496714
835,21469,1919,1.0,4.0,47686.0,60.90000153,2071670.25,1.62,72.0,0.39231003151242955,0.2999842939110501
836,21474,1900,1.0,3.0,49760.0,1.799999952,44293.5,0.01,,0.08453943196179753,0.8232050567985083
837,21483,1915,1.0,6.0,40715.0,69.5,2827772.75,1.1,,0.39417756749477384,0.5115804674339857
838,21488,1990,1.0,4.0,82065.0,41.29999924,1717130.875,0.15,91.0,0.7098401069172451,0.21839569658471478
839,21495,1910,1.0,4.0,36160.0,51.5,1862176.875,0.36,47.0,0.7596537725638902,0.2064163470438435
840,21496,1918,1.0,1.0,34617.0,148.3999939,5136604.5,4.14,,0.3948012533187979,0.2772823781553134
841,21505,1909,1.0,5.0,66900.0,24.0,1634178.25,0.21,100.0,0.7894033697059782,0.18089502908439464
842,21506,1910,1.0,3.0,29340.0,79.59999847,2160420.0,2.59,,0.28437375635664397,0.26846470400268074
843,21508,1930,1.0,2.0,22710.0,12.69999981,287763.5,0.09,,0.3643410602342366,0.5460932026640303
844,21515,2000,1.0,3.0,50499.0,86.69999695,3205182.5,0.44,13.0,0.7361434994894251,0.2633007321237173
845,21520,1964,1.0,5.0,54465.0,62.09999847,3600571.25,0.76,68.0,0.6972100258725653,0.227868417794658
846,21521,1930,1.0,2.0,45960.0,90.69999695,4167253.75,3.98,56.0,0.14021095849607762,0.2999423970192904
847,21530,1959,1.0,2.0,21128.0,20.70000076,436604.0938,0.14,97.0,0.4467335720539967,0.44132089088169324
848,21533,2008,1.0,4.0,274442.0,54.20000076,9155568.0,0.8,,0.4965188241325437,0.2114621294776814
849,21534,2013,1.0,3.0,51552.0,28.10000038,1539066.375,0.21,,0.7817980729351526,0.1833258816373172
850,21535,1959,1.0,4.0,38520.0,72.80000305,2804534.0,1.95,37.0,0.4296777322093945,0.24556335554142888
851,21537,1961,1.0,3.0,29186.0,45.59999847,867184.375,1.04,95.0,0.2665124510606179,0.3266529543314417
852,21546,1960,1.0,1.0,27338.0,21.29999924,581289.0,0.15,56.0,0.5105358510221512,0.3788155041378236
853,21795,1999,1.0,2.0,85750.0,102.3000031,2045592.0,0.91,,0.23657614176650701,0.2770707127163161
854,21549,1962,1.0,2.0,34416.0,53.20000076,12015936.0,0.85,,0.3186310914809958,0.18110739525715464
855,21550,1930,1.0,3.0,45864.0,56.5,2590622.0,2.52,94.0,0.1395339559876747,0.24746593915124002
856,21557,1999,1.0,2.0,49252.0,57.09999847,3485865.5,2.13,23.0,0.3704639449486208,0.25728940781083176
857,21580,1987,1.0,3.0,33176.0,43.0,1426279.5,1.08,89.0,0.4199550483450022,0.3054909652968013
858,21582,1993,1.0,3.0,25194.0,87.69999695,1878742.875,2.22,,0.3858770547122842,0.23690348883947643
859,21611,1977,1.0,2.0,21948.0,14.89999962,326001.1875,0.1,80.0,0.3941619951162956,0.5214941257160957
860,21613,1927,1.0,3.0,31191.0,188.3999939,5876439.0,5.39,,0.38999417547101023,0.26631535294540054
861,21617,1947,1.0,1.0,37377.0,85.40000153,3040978.0,2.99,,0.25303913646572684,0.28674976745382974
862,21622,1977,1.0,1.0,29380.0,29.10000038,856088.625,0.2,33.0,0.6535565914340818,0.3211616428796781
863,21656,1922,1.0,2.0,22688.0,14.60000038,331675.0,0.31,87.0,0.29964781276219765,0.5652952031339036
864,21687,1962,1.0,2.0,22364.0,65.59999847,1467029.75,2.43,,0.24296675649741029,0.29954699474444196
865,21689,1982,1.0,2.0,41262.0,46.70000076,1903455.875,0.32,84.0,0.7539871839845453,0.20043367864679848
866,21716,1953,1.0,2.0,43183.0,194.6000061,7408342.0,2.14,,0.7294388992588513,0.17166810200409832
867,21723,1908,1.0,3.0,45680.0,45.5,2077039.375,1.9,79.0,0.17803061859463876,0.2740252005571618
869,21768,1957,1.0,1.0,23562.0,15.89999962,531737.1875,0.16,96.0,0.5015166829370513,0.40680109089677
870,21772,1999,1.0,4.0,28844.0,44.40000153,910718.6875,0.22,,0.6280942227456155,0.3371732049646784
871,21783,1989,1.0,1.0,21101.0,32.0,675772.875,1.33,,0.1551061409280308,0.38959361868807707
872,21784,1914,1.0,2.0,45594.0,29.60000038,1351267.875,0.21,75.0,0.6839890069435096,0.23778788854589994
873,21785,1950,1.0,1.0,26660.0,84.09999847,2241280.5,0.59,,0.4429516014188175,0.5314551211496188
874,21786,1975,1.0,1.0,28126.0,31.0,870625.8125,0.66,44.0,0.4201741413801136,0.3886482744569368
875,21787,1964,1.0,1.0,35000.0,10.80000019,378714.4063,0.08,53.0,0.4143090062683253,0.4718528901845533
876,21792,1962,1.0,1.0,26150.0,46.20000076,1208407.625,1.02,6.0,0.4442297612227175,0.34174674276693595
877,21793,1967,1.0,2.0,24000.0,45.40000153,1088556.25,0.32,73.0,0.5948569786836577,0.3428362562114205
878,21794,1968,1.0,5.0,43594.0,60.70000076,2478045.5,1.68,38.0,0.3700176444110274,0.27500816485664603
879,21822,1912,1.0,1.0,28080.0,28.29999924,794724.625,0.66,,0.41843039174945645,0.3517947083438852
880,21879,1954,1.0,2.0,51298.0,110.1999969,5655578.0,3.97,85.0,0.2607492105456881,0.29595981552646317
881,21883,1962,1.0,1.0,22047.0,11.60000038,265774.9063,0.08,100.0,0.34612499216890497,0.5617103647277252
882,21893,1979,1.0,1.0,31600.0,106.4000015,3363535.5,3.27,3.0,0.35731086141064744,0.2641748770684353
883,21894,2007,1.0,1.0,35289.0,24.79999924,876425.0,0.68,63.0,0.3432571081610806,0.3870720992698487
884,21896,1981,1.0,1.0,28920.0,58.29999924,1750419.0,2.77,50.0,0.11540723367973947,0.27606035402855517
885,21897,1978,1.0,1.0,22176.0,33.20000076,736428.625,1.48,60.0,0.1177220602766215,0.36935729942465706
886,21898,1978,1.0,1.0,31300.0,11.60000038,362874.0,0.29,89.0,0.27816208011998766,0.5430880633486468
887,21902,1979,1.0,1.0,22000.0,31.79999924,700627.625,0.22,14.0,0.5855519126379835,0.36047198647048917
888,21904,1974,1.0,3.0,39927.0,90.19999695,3568419.5,0.62,38.0,0.7694524196569471,0.16990878203951648
889,21905,1979,1.0,1.0,30610.0,140.3000031,4294550.0,4.44,,0.33591403487436833,0.27869550228590567
890,21907,1980,1.0,2.0,26930.0,37.20000076,1002995.0,0.26,64.0,0.6684258416228923,0.28422378196647763
891,21909,1968,1.0,2.0,38745.0,44.40000153,2890379.0,1.28,76.0,0.38473751642257203,0.5061077816347286
892,21913,1959,1.0,2.0,20296.0,42.20000076,855665.125,0.29,,0.6534444146354825,0.3212656335576368
893,21916,1945,1.0,2.0,22135.0,55.0,1261634.5,1.24,,0.45425960190962894,0.33211743796968324
894,21917,1967,1.0,3.0,38378.0,46.90000153,1645605.125,1.4,86.0,0.31543041531683963,0.2885695723836137
895,21920,1980,1.0,2.0,33576.0,38.0,1275231.75,1.48,64.0,0.20504742514041613,0.32974377875582345
896,21921,1975,1.0,1.0,33005.0,53.20000076,10642754.0,6.84,21.0,0.5755312909010283,0.16773081492357875
897,21945,1981,1.0,1.0,20971.0,33.29999924,729397.1875,0.24,,0.5961907796992658,0.3525452665375261
898,21955,1927,1.0,3.0,23910.0,36.5,873577.3125,0.63,,0.5197115881740516,0.330536445945728
899,21964,1910,1.0,2.0,21765.0,19.79999924,431390.4063,0.8,80.0,0.13900711373410135,0.49995598143998615
900,22078,1901,1.0,2.0,26560.0,65.90000153,1751483.875,2.44,1.0,0.2521661716587719,0.27593881304627765
901,22095,1957,1.0,2.0,20140.0,5.800000191,116486.6016,0.04,49.0,0.20112759706241073,0.7447110704179782
902,22139,1992,1.0,2.0,38845.0,178.1000061,6917280.0,5.55,82.0,0.3497755407213548,0.2647087418408265
903,22142,1953,1.0,1.0,26092.0,293.7000122,7619445.0,6.66,40.0,0.497391860317677,0.2427864716871401
904,22163,1967,1.0,1.0,25500.0,47.59999847,1213869.75,2.17,98.0,0.10794237095699138,0.34073295915650403
905,22165,1961,1.0,1.0,41895.0,31.0,1242311.5,0.6,,0.47399592257028633,0.33554984127654813
906,22166,1958,1.0,2.0,56193.0,44.5,2497942.75,0.83,,0.33654147010631286,0.5477763937059612
907,22223,1922,1.0,3.0,35448.0,38.90000153,1379932.5,1.7,97.0,0.13976409898103365,0.3125445015484079
908,22230,1966,1.0,1.0,29214.0,53.20000076,9336239.0,7.14,8.0,0.5343639201062105,0.19885592587061893
909,22240,2000,1.0,1.0,89103.0,298.2999878,14029480.0,4.32,34.0,0.41279179713745906,0.2582941835046219
910,22252,1961,1.0,1.0,32000.0,38.5,1331122.125,1.42,,0.2801290532584033,0.32033380244384235
911,22259,1910,1.0,2.0,31140.0,30.0,935580.3125,1.25,,0.14612595207208304,0.41728498318678237
912,22261,1975,1.0,3.0,41478.0,73.19999695,3035962.25,1.89,3.0,0.4306935227168688,0.2733235955799569
913,22264,1980,1.0,1.0,39840.0,18.89999962,752104.0,0.13,2.0,0.6044677896676346,0.3466481370504411
914,22312,2004,1.0,1.0,30576.0,84.69999695,1533245.75,1.26,,0.44517405331023885,0.266093066582537
915,22327,1924,1.0,2.0,21528.0,14.30000019,306911.0938,0.31,,0.2843496031383831,0.5842582150366136
916,22332,1928,1.0,2.0,30000.0,42.40000153,1094940.75,0.44,,0.6075182477858817,0.31813937032238776
917,22420,1942,1.0,2.0,30087.0,172.6000061,5274642.0,1.22,,0.7685339566777722,0.2060935172777152
918,22438,1975,1.0,1.0,40445.0,19.39999962,786253.6875,0.72,92.0,0.2227546953088535,0.35424225365712836
919,22440,1996,1.0,1.0,23500.0,48.40000153,1137967.5,0.57,53.0,0.5788594398667112,0.35538320902999493
920,22454,1967,1.0,1.0,22420.0,60.90000153,1404253.75,1.42,82.0,0.47900411034295715,0.2747169703052774
921,22479,1961,1.0,1.0,25842.0,53.20000076,8518313.0,0.85,35.0,0.4264203244235754,0.220016290970005
922,22480,1992,1.0,3.0,26389.0,45.79999924,1208035.375,0.32,,0.624488498384661,0.32431712830046894
923,22486,1982,1.0,3.0,25859.0,33.20000076,858780.625,0.58,88.0,0.5160143169326916,0.334327601939807
924,22502,1974,1.0,1.0,25600.0,67.59999847,1730600.625,1.34,1.0,0.5531914500374985,0.23387741555450958
925,22504,1965,1.0,1.0,23169.0,21.79999924,222255.9063,0.07,,0.309522945745831,0.6006658776534946
926,22509,2008,1.0,4.0,41784.0,38.79999924,1294615.25,0.22,89.0,0.6863429962430565,0.249047778714947
927,22511,1960,1.0,1.0,56884.0,24.39999962,1388345.125,0.66,71.0,0.3896698283625415,0.3112400340970526
928,22519,1989,1.0,1.0,32810.0,61.5,2017967.75,1.42,66.0,0.5169385155797567,0.2074825321230553
929,22547,1980,1.0,3.0,30989.0,3.200000048,97690.39844,0.02,,0.1743304210091506,0.7696914722811796
930,22548,1915,1.0,3.0,39952.0,1.399999976,57133.19922,0.01,,0.1064357655281009,0.8035153255894895
931,22574,1961,1.0,2.0,20022.0,31.60000038,657385.8125,0.23,80.0,0.5537583950443759,0.363323490459433
932,22577,1960,1.0,2.0,36498.0,14.69999981,520011.8125,0.41,89.0,0.29183264769651096,0.4533819398837363
933,22579,1968,1.0,1.0,35946.0,13.10000038,469499.8125,0.31,,0.33331999352510894,0.4788052859696292
934,22585,2007,1.0,4.0,30152.0,33.59999847,845044.125,0.2,96.0,0.6613097320040986,0.3379255922844232
935,22607,1979,1.0,4.0,22365.0,33.59999847,727385.8125,0.23,71.0,0.5955259291389016,0.3531257137047223
936,22609,1994,1.0,4.0,30172.0,30.0,904059.875,0.21,82.0,0.6263786213618088,0.33872858498939984
937,22650,1927,1.0,4.0,42500.0,5.099999905,241478.5938,0.04,100.0,0.3200674814002295,0.5716860404775342
938,22654,1901,1.0,4.0,23032.0,52.90000153,1121537.75,0.34,,0.6020295752369222,0.33676673009284985
939,22672,1900,1.0,3.0,45750.0,169.0,7240274.0,6.64,,0.1702442738799425,0.2954911528361177
940,22676,1968,1.0,2.0,23500.0,71.80000305,1686405.0,1.47,26.0,0.5613306943692647,0.2065016046838852
941,22678,1966,1.0,1.0,22282.0,26.0,579888.3125,0.75,93.0,0.30290484477750207,0.4265359727182804
942,22679,1902,1.0,2.0,24000.0,21.0,502898.6875,0.72,,0.21622369757698795,0.4616870316795149
943,22684,1909,1.0,3.0,27085.0,73.69999695,1995131.75,2.24,,0.360908612003246,0.26647061250352955
944,22801,1996,1.0,2.0,29258.0,233.5,8086943.5,0.85,,0.2436941775502159,0.24451639884026055
945,22804,1931,1.0,2.0,37500.0,59.59999847,2235765.5,1.18,58.0,0.31300323933395924,0.5664865502191169
946,22810,1930,1.0,3.0,23983.0,48.5,1164364.75,1.39,61.0,0.3454737421666436,0.3501472802854549
947,22818,1980,1.0,1.0,24100.0,34.29999924,809870.8125,1.27,22.0,0.2187498149414747,0.3475018088664941
948,22830,1971,1.0,1.0,23772.0,4.199999809,100841.7031,0.03,100.0,0.17894869371982403,0.765386305647308
949,22834,2004,1.0,2.0,31343.0,74.69999695,3846501.25,4.1,5.0,0.30377492680402124,0.2871419622382572
950,22860,1996,1.0,3.0,55912.0,74.09999847,2450442.75,0.31,,0.4427519311386114,0.5270137956729234
951,22863,1957,1.0,2.0,20294.0,85.5,1735995.75,3.32,,0.22317931764783847,0.27771695664610346
952,22866,1983,1.0,4.0,40571.0,53.59999847,1286817.375,0.22,64.0,0.6816269977297124,0.2488353601410941
953,22867,1983,1.0,4.0,41707.0,42.09999847,1755788.5,0.29,78.0,0.7144040197686969,0.2149605597856379
954,22881,1960,1.0,2.0,57644.0,39.70000076,2189735.0,0.74,,0.32041901887130075,0.5591402251395543
955,22883,1955,1.0,2.0,39497.0,43.0,1700057.375,0.72,9.0,0.6283846356103967,0.20518358147604993
956,22936,1932,1.0,1.0,33087.0,66.0,3548858.25,3.68,,0.3034084707755333,0.2538819292227734
957,22940,1982,1.0,2.0,27574.0,43.90000153,1211349.25,0.31,73.0,0.6148985469859451,0.3184631163232311
958,22953,1965,1.0,1.0,24982.0,13.39999962,335245.0,0.09,99.0,0.3929469627291908,0.5055513011015385
959,22955,1998,1.0,5.0,43661.0,90.19999695,3936421.5,1.89,4.0,0.548447892271234,0.21255945663459172
960,22962,1987,1.0,3.0,76105.0,32.5,2472350.25,0.23,91.0,0.4432521706774005,0.5229341975963306
961,23008,1952,1.0,2.0,32009.0,53.59999847,1998725.25,1.38,,0.5306591323888618,0.20906248251562276
962,23011,1966,1.0,1.0,41615.0,45.70000076,1900006.25,0.32,69.0,0.7536506212592675,0.2007078859267907
963,23017,1988,1.0,3.0,28841.0,50.59999847,1459199.75,1.16,55.0,0.4797992116107086,0.2671360399370953
964,23020,1977,2.0,2.0,33344.0,3.799999952,123767.2031,0.03,,0.211044545760713,0.7354664633277396
965,23022,2005,2.0,1.0,30498.0,79.90000153,2436063.0,2.63,,0.32428072016689735,0.2590986676258763
966,23040,1924,1.0,2.0,42975.0,44.79999924,959352.0,1.0,92.0,0.11571035087738474,0.35895269520445355
967,23049,1963,1.0,1.0,23260.0,69.30000305,1612105.75,2.25,,0.3157487190881751,0.292810147928237
968,23051,1988,1.0,2.0,30659.0,72.40000153,2619088.5,1.82,88.0,0.31965299172970996,0.5360203488366235
969,23056,1920,1.0,2.0,27144.0,37.29999924,1012024.313,1.2,,0.272768576097768,0.39832006936248887
970,23064,1970,1.0,1.0,23166.0,150.0,3475804.25,7.97,,6.388608565765975e-07,0.25981495975587865
971,23065,1979,1.0,2.0,34759.0,36.59999847,1633105.375,0.33,81.0,0.7545638009901939,0.20277813175361645
972,23071,1966,1.0,1.0,415632.0,204.6999969,2615247.75,7.89,85.0,0.9662648148653517,0.02397223598410503
973,23076,1965,1.0,2.0,44719.0,33.70000076,1614026.25,1.19,,0.3088654674204358,0.2925637346278157
974,23098,1965,1.0,1.0,21603.0,270.0,5833800.0,6.01,16.0,0.4690572100510802,0.2983730108639431
975,23113,1964,1.0,3.0,591981.0,173.3999939,2615247.75,5.47,60.0,0.3194150320655043,0.5959587985679258
976,23115,1979,1.0,1.0,42900.0,10.10000038,436252.5,0.07,53.0,0.4465347986306388,0.4414794453499367
977,23120,1971,1.0,1.0,26232.0,118.0,3094090.0,4.68,,0.2156156553080673,0.2604497346334331
978,23158,1956,1.0,2.0,25840.0,12.10000038,313528.0938,0.08,92.0,0.38488552641383517,0.5294791380407202
979,23161,1988,1.0,1.0,45145.0,29.0,1268459.0,0.97,,0.2713802379247198,0.3309218135637899
980,23164,2001,1.0,5.0,70332.0,44.59999847,1981115.25,0.27,89.0,0.7543582465646942,0.19914943773604563
981,23228,1994,1.0,1.0,45522.0,269.1000061,12250422.0,7.18,22.0,0.45467315630719135,0.2065289970643033
982,23231,1979,1.0,2.0,20088.0,16.70000076,326778.6875,0.11,,0.38686197881298273,0.510618850964811
983,23268,1997,1.0,2.0,40657.0,69.5,2826828.0,0.58,57.0,0.4737517272272167,0.5116639825590035
984,23277,1900,1.0,1.0,20200.0,13.30000019,269016.6875,0.11,,0.372406735346879,0.6158716652755616
985,23297,1904,1.0,1.0,44086.0,82.80000305,3652708.75,4.17,29.0,0.333709560923854,0.5257670727556539
986,23299,1970,1.0,7.0,54372.0,25.79999924,1403820.0,0.18,94.0,0.7485359187545634,0.19243658900539415
987,23310,1951,1.0,1.0,47699.0,53.20000076,14524386.0,0.85,,0.39813417229025533,0.5941994101643546
989,23313,1956,1.0,3.0,21282.0,63.40000153,1245923.75,2.92,69.0,0.2408356643459643,0.3799226374699159
990,23320,1921,1.0,2.0,41022.0,92.30000305,3787648.25,0.64,,0.774569098707006,0.16113892254572965
991,23397,1966,1.0,2.0,28109.0,128.5,3612526.75,1.37,,0.7114868710697816,0.2272857222831644
992,23331,1985,1.0,3.0,33580.0,19.89999962,409578.4063,0.09,100.0,0.42276371087347575,0.44519843140962584
993,23342,1977,1.0,1.0,21936.0,5.199999809,113130.0,0.12,100.0,0.1319272384322346,0.7922100535475698
994,23343,1969,1.0,1.0,30160.0,34.70000076,1045838.5,1.47,,0.14255472291936155,0.39047025798133567
995,23368,1909,1.0,11.0,111137.0,96.40000153,9546165.0,2.65,,0.3663836006259183,0.24006689071690687
996,23396,1997,1.0,1.0,40189.0,40.29999924,1509292.0,0.94,,0.4460750302428058,0.26917944439233765
997,23400,1988,1.0,2.0,66484.0,39.90000153,3046543.0,0.32,69.0,0.4999371374640259,0.4963287384647164
998,23404,1959,1.0,3.0,25151.0,56.20000076,1356874.75,2.47,85.0,0.2899994640837191,0.3573099705241275
999,23408,1928,1.0,6.0,35770.0,73.80000305,2640980.25,3.14,56.0,0.17325112866714046,0.24389815071818152
1000,23410,1928,1.0,9.0,48006.0,67.5,3239754.0,2.11,85.0,0.349966934910427,0.2606112687674391
1001,23416,1960,1.0,2.0,29631.0,151.3000031,5144392.0,4.96,,0.36390721349458105,0.31607333702440427
1002,23418,1989,1.0,2.0,23472.0,71.59999847,1625308.625,1.98,,0.39615647929696557,0.2548620406690956
1003,23419,1973,1.0,2.0,21315.0,136.8999939,2796425.0,5.19,34.0,0.22165409549044665,0.2445897313308882
1004,23459,1984,1.0,4.0,57110.0,59.40000153,2190460.0,0.43,69.0,0.41351172224644017,0.5458593071165232
1005,23846,1979,1.0,3.0,34030.0,51.40000153,1748629.875,0.65,50.0,0.6721000643962493,0.23202555291655186
1006,23503,1902,1.0,2.0,20398.0,53.20000076,9313513.0,0.85,,0.29725241641163863,0.20413360133802444
1007,23504,1952,1.0,1.0,41308.0,39.79999924,1642471.5,0.93,7.0,0.4917923034998967,0.2341867004544331
1008,23562,1913,1.0,3.0,43878.0,23.39999962,769771.3125,0.12,,0.6172391906706733,0.34584822649753644
1009,23566,1912,1.0,3.0,34976.0,25.0,873711.125,0.45,,0.4662829234907443,0.38780817319733724
1010,23618,1957,1.0,1.0,38255.0,25.79999924,985401.8125,0.88,12.0,0.24273952111233185,0.4047259140592696
1011,23653,1989,1.0,3.0,48924.0,72.90000153,2282551.25,1.21,71.0,0.44736917001747595,0.23986640613399288
1012,23671,1959,1.0,4.0,50333.0,31.79999924,1602084.375,0.22,88.0,0.7429360778296498,0.2035192177562244
1013,23672,1986,1.0,4.0,57432.0,73.80000305,2520483.25,0.31,,0.4517649551278474,0.5227991710312574
1014,23673,1969,1.0,3.0,25912.0,38.5,666740.3125,0.18,,0.5734717822824456,0.37097884780938484
1015,23674,2000,1.0,3.0,57132.0,59.20000076,1994967.75,0.24,73.0,0.7676144936998224,0.18955914280610647
1016,23689,1957,1.0,2.0,24224.0,40.0,968026.3125,1.1,52.0,0.3515839603011297,0.3637686545945557
1017,23691,1963,1.0,1.0,23706.0,16.89999962,400770.9063,0.55,78.0,0.2125612039247055,0.5183533221869963
1018,23701,1963,1.0,1.0,31900.0,61.40000153,1964681.25,0.43,,0.7654764819886792,0.19194512793171825
1019,23711,1917,1.0,1.0,49066.0,78.30000305,3835202.0,3.65,,0.10011056718621955,0.2863556147364363
1020,23712,1952,1.0,3.0,30740.0,42.20000076,1686262.25,1.99,,0.2601945430396084,0.2835850280193
1021,23716,1959,1.0,1.0,67450.0,66.5,2842819.5,0.83,97.0,0.35132167462384717,0.5155853066212116
1022,23730,1948,1.0,1.0,46970.0,18.79999924,882896.5,0.13,,0.6567633791104018,0.31293833531970283
1023,23736,1931,1.0,1.0,47554.0,33.29999924,1035554.688,0.34,,0.5539598758466613,0.3207008328982863
1024,23742,1979,1.0,2.0,43016.0,28.70000076,1234095.5,1.41,100.0,0.05792364654182164,0.3370306845230061
1025,23743,1931,1.0,1.0,24196.0,43.59999847,1055033.0,0.92,,0.4584336368498143,0.3386072686531814
1026,23744,1940,1.0,2.0,20671.0,30.89999962,638507.125,1.2,98.0,0.18537773209481384,0.40316466946685775
1027,23757,1927,1.0,1.0,21600.0,23.10000038,499828.5938,0.66,57.0,0.2836878823230504,0.46320922441587875
1028,23762,1977,1.0,1.0,35844.0,24.20000076,866126.375,0.17,14.0,0.6561910139526854,0.3187194677850032
1029,23768,1916,1.0,3.0,31774.0,48.40000153,1639136.25,0.59,85.0,0.7111743575365925,0.2111989483781931
1030,23834,1953,1.0,1.0,26094.0,27.20000076,709990.8125,0.19,19.0,0.5769629350561563,0.35050052779612273
1031,23835,1983,1.0,2.0,23687.0,45.79999924,1084553.75,0.32,68.0,0.5939690091767613,0.34358766528267914
1032,23836,1983,1.0,2.0,24221.0,59.29999924,1435562.75,0.41,20.0,0.7561956232522715,0.19010709864937037
1033,23857,1900,1.0,2.0,71919.0,93.40000153,5381105.0,0.52,37.0,0.7801544384330665,0.19459897023551562
1034,23858,1900,1.0,2.0,32027.0,124.9000015,3999505.25,4.01,54.0,0.33403686340070543,0.2661918607967975
1035,23861,1906,1.0,3.0,32160.0,56.20000076,2805826.0,0.61,,0.4816607156700275,0.5084473235499288
1036,23863,1992,1.0,3.0,47836.0,81.69999695,3540225.75,2.29,,0.35805655172048434,0.2543435135288629
1037,23867,1914,1.0,3.0,34425.0,40.40000153,2018385.75,1.45,84.0,0.4861876329171285,0.20744847710609335
1038,23888,1984,1.0,3.0,40304.0,97.59999847,1961581.5,0.34,5.0,0.7651928777176945,0.1921772430668559
1039,23896,1990,1.0,1.0,29619.0,43.20000076,1280263.75,1.43,50.0,0.2902739687070763,0.32887397397537765
1040,23906,1922,1.0,2.0,21592.0,69.19999695,1431784.0,2.51,47.0,0.22950765137605544,0.30467425788457236
1041,23956,1931,1.0,2.0,23923.0,33.70000076,805643.5,0.82,69.0,0.4078710736090979,0.3486895927494218
1042,23910,1907,1.0,3.0,25200.0,72.90000153,1748444.25,1.47,47.0,0.5526865922613701,0.20064458866372115
1043,23912,1947,1.0,1.0,45068.0,6.300000191,284857.3125,0.19,100.0,0.19797505078715552,0.6022500490741074
1044,23918,1963,1.0,2.0,28296.0,49.40000153,1328461.25,0.33,80.0,0.7091873913270041,0.22129845947204388
1045,23928,1999,1.0,3.0,31357.0,64.40000153,1965075.625,0.72,55.0,0.7220763038293396,0.20044915953248627
1046,23930,1968,1.0,1.0,160000.0,7.199999809,1157976.5,0.05,94.0,0.608951037602448,0.3299190554950259
1047,23934,1960,1.0,1.0,53550.0,85.69999695,4590246.5,3.26,11.0,0.2280332167759033,0.3017284792727534
1048,23935,1924,1.0,1.0,38412.0,40.70000076,1628540.0,1.75,62.0,0.18348815148837258,0.29071433672239755
1049,23936,1930,1.0,1.0,25881.0,21.10000038,545426.375,0.15,,0.5078705710527878,0.4016158248538721
1050,23951,1953,1.0,1.0,24291.0,27.29999924,655422.375,0.81,98.0,0.30318925815029146,0.39688906346945857
1051,23952,1966,1.0,1.0,36544.0,34.70000076,1269847.75,0.24,5.0,0.6588931686792678,0.2729901353235169
1052,23958,1949,1.0,1.0,20796.0,63.70000076,1324092.125,2.46,,0.21353355910403152,0.32148778064670686
1053,23960,1947,1.0,1.0,21349.0,30.89999962,659761.875,0.8,70.0,0.35748562164191056,0.3953107118537647
1054,23963,1936,1.0,1.0,38630.0,10.80000019,416885.5938,0.08,33.0,0.427084762947234,0.44186578299248025
1055,23964,1950,1.0,1.0,20724.0,88.40000153,1832031.5,4.02,,0.11722530332415626,0.29236614298427077
1056,23969,1960,1.0,1.0,24109.0,196.8999939,4747403.5,1.37,,0.8145643102388879,0.1546618079250782
1057,23971,1955,1.0,1.0,25375.0,158.3999939,4069301.5,1.12,,0.7908419243044873,0.15313687104889095
1058,23975,1985,1.0,1.0,22803.0,33.5,764094.5,0.94,78.0,0.3460324698274195,0.3608090559644331
1059,23976,1985,1.0,1.0,23100.0,187.1999969,4323672.0,6.8,,0.257424433224786,0.2922627027796011
1060,23977,1951,1.0,1.0,41550.0,15.5,642645.1875,0.11,94.0,0.5481476129881733,0.36789170843424374
1061,24009,1994,1.0,2.0,54170.0,107.1999969,5804784.5,3.29,,0.34420737614855407,0.2905628843801977
1062,24018,1912,1.0,2.0,42252.0,52.20000076,2203758.5,2.42,49.0,0.09992195534426984,0.30829836128194116
1063,24026,1955,1.0,1.0,23100.0,37.09999847,863703.0,0.6,,0.5355852264565075,0.33305665744967516
1064,24029,1981,1.0,3.0,22895.0,19.20000076,440419.1875,0.56,96.0,0.26038705311768584,0.4947776730618444
1065,24030,2002,1.0,2.0,54211.0,36.20000076,1267463.125,0.16,100.0,0.658470696776497,0.2733282424832629
1066,24070,2006,1.0,6.0,48179.0,16.5,797170.3125,0.25,,0.5314354712129729,0.3510945461709316
1067,24083,1937,1.0,1.0,52325.0,15.5,808968.1875,0.34,67.0,0.4357307275319234,0.347754811103688
1068,24085,1920,1.0,4.0,20600.0,13.10000038,270838.5,0.47,,0.14423351147889385,0.614273554758061
1069,24089,1944,1.0,1.0,25880.0,6.300000191,162960.0,0.04,100.0,0.2558996802822466,0.677301960612168
1070,24091,1960,1.0,1.0,45842.0,11.39999962,819354.625,0.27,99.0,0.5366627859320998,0.34486692932877167
1071,24099,1972,1.0,1.0,31365.0,20.79999924,652991.6875,0.16,,0.5915285633499596,0.3977788835652484
1072,24100,1910,1.0,1.0,32100.0,23.60000038,758008.875,0.8,,0.2640333927730732,0.362655083505484
1073,24102,1966,1.0,1.0,20520.0,56.90000153,1167887.75,1.99,20.0,0.25560479479362247,0.34946015472134323
1074,24104,1945,1.0,1.0,22972.0,21.60000038,495481.0,0.15,12.0,0.48386728987874644,0.4212043659995105
1075,24105,1953,1.0,1.0,24990.0,16.20000076,523614.0938,0.35,80.0,0.4337635699268911,0.4516717777962084
1076,24106,1951,1.0,2.0,24000.0,47.79999924,1318947.25,1.71,,0.32414166487375207,0.3223376181316652
1077,24108,1963,1.0,1.0,100386.0,36.09999847,3626431.5,0.96,,0.4048145902045169,0.29935092148131714
1078,24112,1966,1.0,1.0,24354.0,30.20000076,735907.8125,0.71,10.0,0.40461881266885563,0.3695218489169302
1079,24115,1959,1.0,1.0,33600.0,25.20000076,847419.375,0.46,58.0,0.5026803678765841,0.3372979606754154
1080,24117,1974,1.0,1.0,20819.0,81.40000153,1694930.375,2.46,,0.38221222854686676,0.22859529774079987
1081,24118,1967,1.0,1.0,23296.0,61.40000153,1429855.75,1.72,,0.371262051756678,0.3182542136087648
1082,24123,1954,1.0,1.0,35222.0,51.40000153,1758134.625,1.15,,0.5223824007147176,0.19975963667669033
1083,24132,1957,1.0,1.0,25520.0,63.90000153,1610794.75,2.31,100.0,0.25253498401693397,0.2929787692196121
1084,24950,1952,1.0,1.0,25460.0,101.5,834711.875,0.23,,0.6478089541979627,0.3264898453271413
1085,24170,1974,1.0,2.0,24291.0,37.90000153,920430.625,0.26,87.0,0.6323519727755056,0.33587701746752346
1086,24172,1958,1.0,2.0,20738.0,25.39999962,526752.8125,0.18,44.0,0.49916237381416845,0.4087223899387117
1087,24178,2000,1.0,4.0,30948.0,39.20000076,919746.3125,0.21,,0.6303955038656432,0.3350868422937546
1088,24180,1986,1.0,2.0,28385.0,129.0,2654316.0,0.65,1.0,0.46889085295333705,0.5152588073355654
1089,24202,1978,1.0,1.0,21755.0,42.09999847,844076.8125,0.8,,0.4642466324275328,0.33818180707261225
1090,24205,1960,1.0,1.0,27933.0,219.3999939,6129780.0,1.53,,0.7866765220052191,0.18376501193224765
1091,24209,1983,1.0,1.0,23143.0,49.29999924,1139980.625,1.68,75.0,0.26582865248604165,0.35497822944514046
1092,24216,1962,1.0,1.0,28800.0,58.29999924,2107743.75,2.09,73.0,0.3025919850154169,0.3016105722284206
1093,24218,1952,1.0,1.0,39600.0,10.19999981,405050.4063,0.07,85.0,0.4200525769970166,0.4472894166298509
1094,24219,1952,1.0,1.0,39600.0,11.80000019,468396.9063,0.23,91.0,0.3764353010807984,0.47939174472783475
1095,24225,1937,1.0,1.0,41248.0,26.79999924,1108310.875,0.4,37.0,0.5290246734318239,0.36145531203787096
1096,24227,2009,1.0,1.0,36400.0,43.09999847,1567746.75,1.27,,0.35978045690031896,0.2986210641162403
1097,24240,1920,1.0,1.0,31332.0,114.0,3573328.25,0.8,,0.7696962007730771,0.16972912041624436
1098,24244,1948,1.0,2.0,35864.0,34.20000076,1228113.5,1.22,75.0,0.25213505412261994,0.3381172558183214
1099,24250,1954,1.0,1.0,20484.0,40.20000076,822636.625,1.87,69.0,0.0925286296450467,0.3383571205837587
1100,24252,1984,1.0,4.0,45264.0,85.09999847,1849331.25,0.28,4.0,0.7583876323005895,0.20750374521432305
1101,24253,1987,2.0,4.0,36932.0,102.1999969,2824096.75,0.53,,0.4832813058862584,0.5068576605957137
1102,24259,1973,1.0,4.0,45082.0,94.5,4262316.5,2.07,,0.5172900762016415,0.23436710938837277
1103,24270,1951,1.0,2.0,41600.0,28.70000076,1195165.25,0.74,58.0,0.38631594122861995,0.3442299586002861
1104,24274,1960,1.0,2.0,34110.0,75.19999695,2563985.5,0.52,31.0,0.4598932645432539,0.52317585600046
1105,24332,1970,1.0,1.0,23750.0,25.0,522972.1875,0.15,,0.4973614418681523,0.4101920902379851
1106,24333,1970,1.0,1.0,43390.0,12.30000019,533742.8125,0.09,87.0,0.5024580286620418,0.40603287969545354
1107,24344,1959,1.0,1.0,35400.0,11.89999962,419978.6875,0.26,84.0,0.33126782838574176,0.5066575487840137
1108,24348,1966,1.0,1.0,28144.0,30.39999962,858701.0,0.29,19.0,0.6281709659026354,0.33434807602695255
1109,24351,1916,1.0,3.0,71283.0,34.90000153,2491238.25,0.61,41.0,0.3572395873947336,0.5393450213243717
1110,24354,1989,1.0,1.0,23792.0,119.9000015,2852102.75,0.84,,0.4857459224843442,0.5044400786165795
1111,24356,1979,1.0,2.0,47368.0,22.0,1042652.625,0.15,99.0,0.6693985461812321,0.27381101688516213
1112,24358,1931,1.0,1.0,46183.0,40.90000153,1890502.5,0.6,,0.6495351724620714,0.218416409240208
1113,24359,1984,1.0,5.0,72613.0,52.20000076,2602213.75,0.58,84.0,0.37796938675399366,0.5284998972766487
1114,24374,1968,1.0,1.0,36071.0,42.09999847,1519952.125,1.41,97.0,0.3024020015612457,0.29216449079930307
1115,24376,1990,1.0,2.0,38352.0,76.69999695,2108861.75,0.38,36.0,0.4342948632924989,0.5422035611740761
1116,24381,1995,1.0,1.0,28425.0,75.19999695,2133797.75,2.01,,0.42581385771652114,0.2523681232548231
1117,24406,2009,1.0,3.0,35115.0,54.79999924,1922953.25,0.91,,0.6263183574810883,0.20831976630905644
1118,24415,1972,1.0,1.0,66704.0,9.0,600516.875,0.3,,0.2546046661368718,0.4180084036157274
1119,24418,1969,1.0,1.0,25658.0,41.5,1063960.125,0.74,,0.525248669191181,0.31483452230028824
1120,24435,1907,1.0,2.0,36000.0,29.10000038,1046187.625,0.5,95.0,0.5297805002363587,0.31847944128068595
1121,24448,1913,1.0,1.0,36000.0,64.59999847,1162163.125,0.74,59.0,0.4263907141227629,0.3505781321094771
1122,24451,1915,1.0,2.0,43200.0,44.70000076,1929851.5,1.14,38.0,0.47010593025219555,0.21492010643596612
1123,24458,1913,1.0,4.0,53840.0,68.0,2912454.75,0.87,71.0,0.3978667856001395,0.5042058024256112
1124,24461,1975,1.0,1.0,43794.0,26.60000038,1164537.75,0.54,88.0,0.46379791169728274,0.3501134753019788
1125,24472,1968,1.0,1.0,48280.0,56.0,2701833.75,1.63,18.0,0.38079245565918,0.2688555157203298
1126,24473,1954,1.0,1.0,36040.0,10.10000038,363808.1875,0.21,,0.3157137951257744,0.5424501182040555
1127,24479,1965,1.0,1.0,32822.0,252.3000031,8839812.0,6.7,42.0,0.47885550695340245,0.21737360268625258
1128,24484,1950,1.0,2.0,20385.0,39.70000076,809291.8125,1.67,65.0,0.157610784154646,0.34202794452598406
1129,24485,1946,1.0,1.0,24295.0,8.899999619,216115.0,0.06,53.0,0.3035669023146791,0.6058472113891675
1130,24488,1967,1.0,2.0,20317.0,30.60000038,620994.3125,0.21,83.0,0.5580445391141906,0.38759223157854317
1131,24493,1973,1.0,1.0,24377.0,53.20000076,9851260.0,0.85,6.0,0.4682007696195195,0.19047086836108024
1132,24513,1986,1.0,1.0,33392.0,83.5,2786648.75,0.58,,0.47911965403414886,0.5092456725098929
1133,24514,1986,1.0,1.0,45155.0,147.8000031,6674179.5,3.51,6.0,0.49048767454788766,0.22873400731542357
1134,24531,1966,1.0,1.0,32000.0,68.19999695,2186148.5,1.31,3.0,0.3246206621278608,0.5595443120443275
1135,24532,1970,1.0,1.0,44000.0,94.69999695,4302455.5,3.99,15.0,0.18858997960415835,0.293281217005679
1136,24534,1973,1.0,1.0,36000.0,77.0,2771820.5,3.46,44.0,0.1280204648149437,0.2821862072794427
1137,24536,1979,1.0,1.0,31360.0,43.59999847,1356972.25,1.38,,0.31557536339154946,0.31616082143025875
1138,24537,1979,1.0,1.0,33320.0,70.0,2339234.0,1.94,,0.393152263445355,0.2866493939975695
1139,24538,1979,1.0,1.0,48020.0,49.70000076,2373568.25,1.23,71.0,0.26730349845921253,0.5625925329396072
1140,24539,1979,1.0,1.0,27420.0,42.20000076,1176342.25,1.42,55.0,0.28149865797718737,0.34782223620571723
1141,24547,1929,1.0,2.0,24152.0,6.699999809,161363.4063,0.05,100.0,0.25402893082416644,0.6790047717012055
1142,24560,1949,1.0,2.0,43645.0,55.5,2053956.375,1.95,71.0,0.18283601213332307,0.27625403373935425
1143,24563,1952,1.0,1.0,26853.0,68.69999695,1399062.75,0.8,68.0,0.631527489747083,0.22857252485024268
1144,24710,1909,1.0,4.0,44775.0,21.20000076,950695.625,0.67,,0.29694116774187534,0.3679597438541814
1145,24579,1916,2.0,1.0,27760.0,75.09999847,2833624.5,4.06,,0.20810931942599706,0.2777409581611944
1146,24581,1937,1.0,1.0,20975.0,16.70000076,347437.6875,0.31,,0.3337159754421522,0.5538528598530469
1147,24585,1918,1.0,1.0,26075.0,61.70000076,1608508.75,0.67,,0.7464591052047413,0.18325278990793492
1148,24587,1992,1.0,1.0,29394.0,32.09999847,1486681.75,0.89,60.0,0.6180771580254268,0.19533622770252437
1149,24589,1926,1.0,2.0,20400.0,21.5,438557.0,0.6,69.0,0.2771330302283969,0.49583676800151383
1150,24591,1926,1.0,1.0,20460.0,44.20000076,903541.875,0.31,16.0,0.666263713215507,0.31021100766277027
1151,24593,1925,1.0,2.0,25821.0,8.100000381,209698.7031,0.06,,0.297233384661813,0.6113569208228894
1152,24598,1955,1.0,2.0,21870.0,49.09999847,1074350.375,0.34,45.0,0.6395303757004587,0.3024939500790169
1153,24599,1988,1.0,1.0,51664.0,68.30000305,3528086.75,1.29,,0.5593079438700674,0.24510909675133713
1154,24600,1970,1.0,1.0,43615.0,71.90000153,3133849.5,2.44,89.0,0.30461335110180077,0.2670662070596132
1155,24601,1970,1.0,3.0,36879.0,67.90000153,1144267.5,0.22,26.0,0.6009088148009217,0.32946262955418637
1156,24602,2002,1.0,2.0,28531.0,123.5,3494929.5,3.25,,0.42823217165762856,0.25679348629121795
1157,24603,1982,1.0,2.0,36600.0,7.099999905,308400.4063,0.06,80.0,0.38140219101258876,0.5334115554219887
1158,24604,2004,1.0,5.0,35176.0,35.0,1011965.375,0.2,,0.6627540774697537,0.27931410440500365
1159,24624,1940,1.0,2.0,41293.0,68.59999847,2839882.25,1.49,,0.32834965162156204,0.5173753472424447
1160,24629,1941,1.0,1.0,48890.0,43.0,2100216.5,1.26,49.0,0.35786299236150537,0.3056075257393392
1161,24630,2000,1.0,3.0,43473.0,101.5999985,4416909.5,0.71,3.0,0.7888531177380512,0.16098725648946932
1162,24636,1990,1.0,1.0,40265.0,91.69999695,3740373.75,0.88,19.0,0.7809975287813694,0.17400853363855162
1163,24640,2005,1.0,1.0,26208.0,49.59999847,1608884.25,1.44,79.0,0.49109023625653603,0.23791244930696986
1164,24646,1975,1.0,2.0,27227.0,204.8000031,8054334.0,0.85,,0.2919913829684905,0.22976201986543454
1165,24649,1926,1.0,1.0,42172.0,77.30000305,3275779.25,3.61,,0.10527636983597286,0.27137443824824714
1166,24711,1910,1.0,5.0,32250.0,24.70000076,796042.375,0.35,92.0,0.5446496149093061,0.35141721916225666
1167,24653,1953,1.0,1.0,51000.0,25.5,1298039.875,0.28,95.0,0.6507226093284753,0.2884169902531344
1168,24700,1916,1.0,1.0,27000.0,8.5,229856.4063,0.06,,0.3095040014394291,0.5807672786046806
1169,24701,1935,1.0,2.0,20747.0,48.29999924,1001964.0,0.84,,0.5026380508497577,0.3502599191585971
1170,24705,1928,1.0,2.0,40800.0,20.0,817255.875,0.68,,0.2702988110235337,0.3454464168935424
1171,24708,1920,1.0,2.0,20150.0,28.60000038,576174.125,0.2,80.0,0.5309706377490996,0.39747558239223985
1172,24712,1909,1.0,7.0,36000.0,53.40000153,1682454.875,0.33,40.0,0.7594708434391926,0.19811023252391666
1173,24714,1938,1.0,2.0,41276.0,60.59999847,2502081.0,2.34,,0.23434802966104823,0.2539987195915206
1174,24716,1937,1.0,2.0,24430.0,50.59999847,1232822.875,0.97,,0.48769409762069266,0.3372613270734153
1175,24717,1910,1.0,3.0,27690.0,0.699999988,16808.90039,0.018000000000000002,,0.03385772283362461,0.8687793182119852
1176,24720,1927,1.0,1.0,22580.0,41.09999847,928584.875,0.43,90.0,0.58013344457726,0.37344937539221706
1177,24725,1926,1.0,1.0,20000.0,37.20000076,743528.125,1.68,18.0,0.1100267052901277,0.3671251382368017
1178,24726,1954,1.0,1.0,42000.0,49.29999924,2070005.625,1.95,,0.2116599815217365,0.2747005656390669
1179,24758,1962,1.0,1.0,24248.0,5.300000191,111969.7031,0.03,,0.20569350415475318,0.7939015511390809
1180,24769,2009,1.0,6.0,244500.0,45.09999847,11019641.0,1.2,100.0,0.489814458301216,0.14846068915469354
1181,24778,1932,1.0,1.0,24617.0,4.699999809,106918.0,0.03,,0.1877069487126566,0.7572218360439995
1182,24780,2009,1.0,3.0,127065.0,76.59999847,3245111.5,0.18,,0.7194116119282435,0.25395829951854165
1183,24781,1964,1.0,1.0,37247.0,46.90000153,1748644.5,1.57,69.0,0.3130324072844991,0.26820360374814417
1184,24803,1993,1.0,1.0,25384.0,129.0,3027867.5,3.04,11.0,0.45451774407370416,0.2402908084340701
1185,24822,1910,1.0,3.0,49052.0,34.0,1441445.625,0.2,96.0,0.7534816105639696,0.18865182556180268
1186,24823,1900,1.0,2.0,52110.0,18.29999924,586589.1875,0.48,34.0,0.12783535720562317,0.42372802597607445
1187,24825,1910,1.0,2.0,20970.0,9.800000191,204499.0938,0.26,100.0,0.18508585188098653,0.6783661486759869
1188,24830,1937,1.0,2.0,39036.0,37.09999847,1528295.75,1.01,,0.4359180635656007,0.26672503901845784
1189,24840,1923,1.0,1.0,26310.0,22.79999924,771512.6875,0.57,96.0,0.4681437784348441,0.358583596879392
1190,24857,1966,1.0,1.0,37883.0,232.1999969,12434593.0,0.85,88.0,0.3487369509331702,0.19096605857714063
1191,24862,1962,1.0,3.0,29874.0,40.59999847,1274049.75,1.82,95.0,0.15264314716080218,0.3299487607102422
1192,24868,1965,1.0,1.0,20140.0,45.09999847,992794.6875,2.34,35.0,0.07531721739343412,0.38904684335228024
1193,24876,1990,1.0,2.0,71874.0,17.29999924,1242811.75,0.63,,0.24381133672025543,0.3354599514619887
1194,24886,1971,1.0,2.0,39953.0,50.09999847,1508561.875,0.7,93.0,0.6036759379856219,0.1930500311821057
1195,24893,1998,1.0,2.0,21200.0,79.09999847,1676426.5,0.55,15.0,0.7643412523767892,0.20009773422200536
1196,24895,1980,1.0,1.0,30630.0,196.0,6058494.0,1.38,27.0,0.7847068869924878,0.1854617309479839
1197,24896,1980,1.0,2.0,23421.0,81.0,1896626.375,0.56,25.0,0.7533198971082634,0.20097733635330398
1198,24909,1928,1.0,2.0,24120.0,37.0,893053.1875,1.31,66.0,0.23801975145987095,0.38262265946613117
1199,24911,1929,1.0,3.0,35736.0,32.09999847,1148202.25,1.43,88.0,0.12001529083204796,0.3533346615425014
1200,24943,1941,1.0,1.0,51050.0,24.39999962,1206165.75,0.54,10.0,0.4292543199615061,0.3421646213719898
1201,24948,1954,1.0,2.0,21900.0,59.5,1302192.875,1.95,40.0,0.2975992383774631,0.325136407057602
1202,24955,1952,1.0,1.0,16300.0,2.299999952,150167.7969,0.1,100.0,0.23763244281615806,0.7417495518652123
1203,24958,1964,1.0,1.0,33462.0,41.40000153,1386445.375,0.29,1.0,0.7407587580666732,0.1928237744748101
1204,24959,1952,1.0,1.0,35310.0,45.59999847,1331469.75,1.27,,0.2880452185583649,0.32027689322018993
1205,24991,1962,1.0,3.0,36140.0,134.0,4653535.0,0.9,,0.8126237846975997,0.1574056956080514
1206,24994,1991,1.0,2.0,47963.0,275.3999939,8163413.0,6.23,,0.2707008751507974,0.24278200293335014
1207,25000,1930,1.0,1.0,23903.0,18.20000076,415364.5938,0.6,65.0,0.19694475727970487,0.5094185925703625
1208,25001,1947,1.0,3.0,22522.0,24.89999962,561473.875,1.04,,0.13760137422811242,0.43444726194207417
1209,25002,1996,1.0,4.0,38959.0,23.20000076,905750.375,0.61,,0.36040593869599025,0.37929338317574746
1210,25025,1928,1.0,2.0,25955.0,46.90000153,1218112.0,0.33,,0.616216076484506,0.3173735734334925
1211,25115,1951,1.0,2.0,21936.0,27.79999924,608755.375,1.31,96.0,0.07404308969239057,0.41469711584494334
1212,25124,1960,1.0,1.0,25406.0,96.09999847,2442220.0,1.65,,0.35637744730913673,0.5423672077515187
1213,25148,1967,1.0,2.0,23250.0,41.09999847,904236.0,0.27,55.0,0.6664344151814683,0.3100523385849152
1214,25163,1960,1.0,1.0,30000.0,93.19999695,2794837.0,4.02,32.0,0.1546544419417278,0.28051422620058675
1215,25165,1962,1.0,1.0,45036.0,42.70000076,1791697.75,1.1,,0.4164042405533546,0.24558629383252945
1218,25268,1980,1.0,4.0,23022.0,44.59999847,1027230.875,0.64,78.0,0.5706954416493328,0.3224615839914684
1219,25275,1967,1.0,1.0,27263.0,90.80000305,2470642.0,0.63,,0.4440074802918252,0.52418741680856
1220,25276,1962,1.0,1.0,31569.0,92.80000305,3064039.5,3.98,12.0,0.193801451895377,0.2623340270908791
1221,25277,1956,1.0,1.0,22509.0,7.900000095,177812.7969,0.06,57.0,0.266082345858683,0.6454255551120048
1222,25278,1956,1.0,1.0,39984.0,26.79999924,1073156.375,0.92,75.0,0.2508718130302987,0.3843508802055714
1223,25325,1906,1.0,1.0,26440.0,27.20000076,719905.1875,1.06,91.0,0.19403344654183696,0.3746585413197487
1224,25364,1956,1.0,2.0,28800.0,39.70000076,1143826.625,1.02,,0.38316331420362293,0.35420762588480026
1225,25371,2009,1.0,2.0,28500.0,37.40000153,1162561.125,1.0,92.0,0.4008569595701291,0.3505001794061816
1226,25451,1978,1.0,2.0,26519.0,140.1999969,3717064.0,3.67,,0.43833589610412704,0.24935035851908932
1228,25457,1921,1.0,2.0,26300.0,134.5,3537841.5,4.45,,0.32408626247162897,0.25447134420325956
1229,25461,1962,1.0,2.0,34072.0,193.3000031,6584966.5,6.66,,0.2967609325169119,0.26650769981530603
1230,25462,1949,1.0,3.0,23355.0,38.40000153,840549.375,0.25,77.0,0.6474586461965227,0.32404728534539506
1231,25464,1965,1.0,4.0,30840.0,116.4000015,3542708.5,3.28,30.0,0.39634332130830946,0.2548250670301352
1232,25471,1946,1.0,1.0,20332.0,19.29999924,392683.6875,0.54,,0.2596207600185554,0.5234406198042959
1233,25513,1900,1.0,1.0,21850.0,14.5,317794.4063,0.6,100.0,0.10953827021056474,0.575770144251533
1234,25522,1997,1.0,4.0,32282.0,55.0,1391714.25,1.07,,0.42180328398632894,0.3107207061413811
1235,25528,1983,1.0,13.0,307557.0,40.79999924,9512829.0,0.22,,0.7531104584725624,0.19642928899361908
1236,25537,1918,1.0,2.0,28309.0,15.19999981,430308.9063,0.42,,0.27678112835359314,0.500583230694662
1237,25540,1914,1.0,4.0,45500.0,61.5,2799595.0,2.68,77.0,0.382038516066444,0.33616997906951485
1238,25541,1900,1.0,5.0,38376.0,65.0,2058532.875,0.37,,0.7723453435720696,0.18483788270105433
1239,25543,1900,1.0,4.0,42804.0,50.29999924,1544501.75,1.09,,0.3478392189423475,0.3017591639710411
1240,25546,2005,1.0,5.0,57600.0,138.0,6983736.0,3.88,,0.3406993489258913,0.2559684971670783
1241,25548,1900,1.0,4.0,33300.0,38.70000076,1287497.375,0.56,,0.5616588604310347,0.3276317241064172
1242,25553,1900,1.0,3.0,25450.0,19.79999924,503744.6875,0.14,99.0,0.48799928815841387,0.4178323345789685
1243,25554,1900,1.0,3.0,22200.0,8.5,188745.7031,0.32,,0.10394638389930311,0.6956004503210422
1244,25563,1968,1.0,2.0,29498.0,130.3999939,3768900.5,1.7,,0.6734331464497896,0.2199294812510587
1245,25567,1938,1.0,1.0,23050.0,20.20000076,466672.6875,0.14,27.0,0.46782222868652346,0.4323762037747353
1246,25568,2008,1.0,4.0,48350.0,72.19999695,3168131.0,0.46,45.0,0.7259685502025622,0.2624999345498128
1247,25572,1930,1.0,1.0,46059.0,34.40000153,1582655.875,0.45,82.0,0.7069897986583225,0.1856904018376114
1248,25635,1970,1.0,2.0,23595.0,34.59999847,817409.625,0.28,72.0,0.6401742642717553,0.3454038144080687
1249,25657,1900,1.0,3.0,28142.0,30.10000038,847097.8125,1.21,96.0,0.48884686136621164,0.402097227395052
1250,25658,1900,1.0,3.0,28760.0,107.5,2615973.5,4.33,,0.21873307648029064,0.1914211870574679
1251,25659,1902,1.0,4.0,39030.0,18.39999962,713326.875,0.35,99.0,0.45808421774742253,0.3768116214357888
1252,25661,1909,1.0,3.0,47215.0,45.5,2092696.0,1.35,58.0,0.5146253462369058,0.165882856177839
1253,25663,1926,1.0,2.0,61580.0,115.8000031,4199443.0,1.13,,0.6670882754901832,0.15799179485419615
1254,25664,1917,1.0,3.0,30720.0,41.90000153,1288669.5,0.83,,0.48541973859376425,0.3274313189842126
1255,25666,1916,1.0,2.0,20640.0,19.29999924,412562.4063,0.14,,0.42453558044542733,0.44383186182806167
1256,25667,1912,1.0,2.0,34914.0,42.40000153,1333289.625,0.27,,0.6896547933886035,0.2429904683915817
1257,25670,1906,1.0,3.0,20897.0,56.59999847,964923.8125,0.85,,0.47763695290693575,0.3645118130795168
1258,25671,1916,1.0,2.0,36940.0,9.100000381,336745.4063,0.06,100.0,0.391758625628869,0.5017773076074076
1259,25672,1913,1.0,3.0,22866.0,50.5,1153690.125,0.91,,0.4929391134248995,0.35224592858725984
1260,25673,1920,1.0,1.0,30240.0,38.40000153,1264626.875,0.6,78.0,0.5609739435610093,0.33159205311314294
1261,25674,1910,1.0,3.0,32100.0,3.400000095,108200.3984,0.16,,0.021074520672035343,0.7994491524437798
1262,25694,1962,1.0,2.0,28586.0,187.8999939,5078204.0,1.24,,0.8592832955526817,0.11465316945591357
1263,25709,1908,1.0,3.0,28800.0,161.3000031,4644346.0,6.61,,0.18947553627124816,0.277686708644033
1264,25711,1913,1.0,3.0,28800.0,31.20000076,899924.1875,1.01,,0.30509128901709326,0.31855496882054996
1265,25713,1979,1.0,3.0,35202.0,108.0999985,3605755.5,0.71,2.0,0.7712936660407923,0.16855182166696214
1266,25737,1969,1.0,6.0,95117.0,104.3000031,7202141.5,1.93,1.0,0.44842430892638147,0.2501479333273373
1267,25743,1910,1.0,2.0,24600.0,13.5,331059.5,0.23,69.0,0.3388258034139849,0.5657512214754489
1268,25745,1900,1.0,1.0,48850.0,28.89999962,1063480.5,1.33,,0.22560177135421314,0.7669876529192307
1269,25772,1961,1.0,3.0,54863.0,18.60000038,2037720.625,0.26,100.0,0.7753004382176542,0.18744022954138953
1270,25839,1964,1.0,1.0,25000.0,79.59999847,1989103.875,2.64,,0.3349534796876425,0.22673970775943428
1271,25842,1960,1.0,1.0,25000.0,11.5,287132.5,0.34,,0.20015003213671648,0.6003429902746256
1272,25844,1927,1.0,1.0,22622.0,33.70000076,774075.6875,1.17,,0.2616879075737901,0.3578211467838511
1273,25847,1917,1.0,3.0,27544.0,46.09999847,1031667.5,0.63,94.0,0.5327744073549158,0.3215206393079608
1274,25886,1989,1.0,7.0,47415.0,43.40000153,1478979.25,0.22,,0.7629890181286881,0.1861841517166652
1275,25907,1961,1.0,3.0,22960.0,98.69999695,2266983.0,4.15,,0.16690993021554867,0.30229952146969447
1276,25914,1998,1.0,1.0,44739.0,53.20000076,14585813.0,0.85,17.0,0.4299940669816368,0.2416473982953047
1277,25932,1948,1.0,1.0,22778.0,56.5,2470566.0,5.31,,0.06497879187159072,0.28447535459229
1278,25935,1956,1.0,2.0,21562.0,40.40000153,866806.0,1.73,20.0,0.13390663338020922,0.3884236616588565
1279,25954,1959,1.0,1.0,25753.0,53.5,1378130.25,2.43,,0.11545390075077222,0.31282533161589116
1283,26002,1968,1.0,1.0,24200.0,34.20000076,826488.6875,0.92,73.0,0.3707535929353844,0.3429106409092757
1284,26017,1981,1.0,4.0,23513.0,81.69999695,1740568.25,2.12,,0.4121782749767661,0.2239438674066823
1285,26040,1994,1.0,3.0,66610.0,9.600000381,640377.0,0.28,,0.3073777652559965,0.4024611850700356
1286,26233,1950,1.0,1.0,36000.0,103.0,3646053.75,1.63,,0.6207389934055655,0.22566737609522328
1287,26098,1938,1.0,2.0,23222.0,81.30000305,1219863.125,2.37,62.0,0.1140964893606511,0.3396275162103788
1288,26115,1924,1.0,2.0,24476.0,111.4000015,2662054.25,3.75,,0.3057642055231285,0.24430408441764845
1289,26119,1910,1.0,2.0,24750.0,34.70000076,782343.8125,1.13,,0.24069217848897898,0.3553835036259944
1290,26125,1904,1.0,3.0,60000.0,74.30000305,3625407.5,2.03,52.0,0.3027853138006319,0.2858090918288163
1291,26126,1954,1.0,2.0,46560.0,14.80000019,690557.6875,0.37,,0.37411842107352405,0.38445921708479214
1292,26139,1980,1.0,3.0,30408.0,57.59999847,1440554.25,0.33,61.0,0.7568349173360909,0.18960860742013225
1293,26146,1920,1.0,3.0,30109.0,51.59999847,1465795.75,1.13,89.0,0.4753669707393905,0.2662538720224974
1294,26154,1960,1.0,2.0,25481.0,36.0,917100.3125,1.51,92.0,0.14941897638222168,0.3751127805512516
1296,26183,1912,1.0,2.0,27788.0,56.59999847,2119806.25,1.3,73.0,0.6354039515834463,0.1885769155293132
1297,26218,1990,1.0,4.0,41704.0,46.59999847,1943899.25,1.4,73.0,0.38351107205445867,0.23079556016187686
1298,26235,1941,1.0,2.0,22324.0,28.0,588856.125,1.0,53.0,0.19006439171214518,0.4227864266467578
1299,26236,1946,1.0,2.0,31360.0,53.90000153,1725108.25,1.26,,0.5205192613947607,0.20280830509911038
1300,26237,1947,1.0,1.0,30496.0,61.09999847,1992158.25,1.51,,0.5141327575773087,0.20960718871902542
1301,26254,1922,1.0,3.0,27600.0,48.0,1072151.375,0.46,84.0,0.6075329922714388,0.32271946422385356
1302,26289,1961,1.0,2.0,55974.0,109.5999985,6135173.0,3.63,98.0,0.3031432358327675,0.3002354969070968
1303,26324,1954,1.0,1.0,22583.0,87.69999695,1981360.0,3.14,95.0,0.2699173742655477,0.28089394374284254
1304,26331,1997,1.0,3.0,31686.0,72.80000305,2305643.5,0.51,35.0,0.4454003898262527,0.5194753754161111
1305,26348,1981,1.0,3.0,26694.0,28.89999962,720170.6875,0.19,92.0,0.593122475365741,0.355224046799837
1306,26359,1972,1.0,1.0,29400.0,9.100000381,227509.5,0.05,69.0,0.3073140068978172,0.582609254767819
1307,26379,1992,1.0,3.0,22452.0,55.40000153,1244150.0,1.87,85.0,0.28019177442100257,0.3352201223416185
1308,26392,1912,1.0,2.0,25767.0,90.69999695,1581352.75,0.43,22.0,0.7772388518422106,0.17738315704870541
1309,26393,1953,1.0,4.0,33910.0,62.79999924,1822834.25,1.13,75.0,0.5402158363070615,0.22470263237373203
1310,26396,1927,1.0,2.0,78401.0,31.39999962,2462408.25,1.11,,0.283610148658858,0.25703913199858597
1311,26460,1979,1.0,2.0,78716.0,52.09999847,4103800.75,0.61,38.0,0.7524486440932059,0.16108082152938827
1312,26465,1910,1.0,2.0,33300.0,51.90000153,1594733.625,2.08,92.0,0.14848540336626614,0.29505868811337954
1313,26473,1957,1.0,1.0,28808.0,296.2000122,9232576.0,7.87,29.0,0.488844689704746,0.21006886092296798
1314,26528,1957,1.0,1.0,27966.0,52.5,1100499.75,0.27,58.0,0.5974841870964318,0.34061308501228155
1315,26529,1950,1.0,1.0,26226.0,293.7999878,7588060.5,5.96,37.0,0.5992342763480222,0.15000445969687223
1316,26532,1928,1.0,2.0,20760.0,53.20000076,2615247.75,0.85,,0.32093200169418673,0.5940399213399339
1317,26535,1976,1.0,2.0,34948.0,60.5,1159807.125,0.23,17.0,0.6046660406810371,0.32708061954069384
1318,26587,1998,1.0,3.0,37639.0,221.3999939,6197824.5,1.15,,0.826532743199255,0.14136438954614347
1319,26593,1900,1.0,4.0,22840.0,38.59999847,881386.1875,0.27,64.0,0.6199226280013747,0.34386147105469417
1320,26594,1900,1.0,1.0,21420.0,41.70000076,810636.875,0.45,,0.5817193841805324,0.3472874796579577
1321,26596,1900,1.0,1.0,20880.0,32.70000076,683274.0,0.23,94.0,0.5794524351886546,0.3657770917891946
1322,26600,1966,1.0,3.0,26000.0,40.90000153,1063035.875,0.72,,0.5284146230636094,0.3150219712398868
1323,26601,1900,1.0,3.0,38675.0,118.4000015,1938776.75,1.14,,0.5188694901891265,0.21414251787531075
1324,26602,1929,1.0,4.0,49951.0,91.59999847,5134446.0,3.71,,0.4076231398674755,0.07441503912983018
1325,26611,2010,1.0,2.0,25880.0,75.0,1941728.75,0.77,8.0,0.7377539519055055,0.20672187398213906
1326,26657,1927,1.0,3.0,41013.0,31.39999962,1080821.0,0.91,,0.25673530518939497,0.3590240251088977
1327,26667,2004,1.0,2.0,21075.0,75.0,1581036.75,2.56,,0.289994505232093,0.2968560522518901
1328,26670,1950,1.0,3.0,46485.0,24.20000076,1544995.75,1.01,83.0,0.34314020745545837,0.30169192402232137
1329,26681,1965,1.0,4.0,56896.0,34.40000153,1402048.5,0.5,96.0,0.5155914268239599,0.2750303334737246
1330,26695,1978,1.0,2.0,27500.0,21.0,577123.125,0.54,60.0,0.34079370645216195,0.4277054775123999
1331,26705,1930,1.0,2.0,36630.0,16.39999962,541943.3125,0.1,90.0,0.5062693149235021,0.40292257418309035
1332,26706,1900,1.0,3.0,26830.0,78.19999695,2099386.75,2.27,,0.41708421619883845,0.20105369545422705
1333,26708,1906,1.0,5.0,41920.0,26.29999924,1103594.75,0.18,95.0,0.6396730650660739,0.30387500951761
1334,26710,1905,1.0,5.0,36879.0,34.90000153,1537570.25,0.73,92.0,0.6247226631292561,0.1901002893317295
1335,26711,1904,1.0,6.0,29820.0,53.70000076,1601955.625,1.2,,0.5084033887753471,0.2386958710167731
1336,26719,1905,1.0,2.0,33640.0,39.5,1078535.75,0.22,70.0,0.5980897202788652,0.3479017802543097
1337,26720,1906,1.0,4.0,43484.0,36.0,1567040.75,0.25,18.0,0.7848553722063564,0.1807572421579968
1338,26726,1900,1.0,3.0,22480.0,34.09999847,981009.125,0.3,,0.6509115016214626,0.32438527331447714
1339,26728,1925,1.0,4.0,33018.0,165.5,4857581.5,5.26,49.0,0.25722198386892287,0.3163094455989442
1340,26731,1970,1.0,2.0,26510.0,32.0,987063.6875,0.42,91.0,0.6055732790985475,0.3312371314354472
1341,26759,1938,1.0,1.0,40028.0,19.0,942415.1875,0.17,80.0,0.655484502729825,0.3415699359729353
1342,26761,2007,1.0,3.0,44510.0,83.30000305,2188051.25,0.34,23.0,0.4419950706628578,0.5318456527678324
1343,26773,1954,1.0,1.0,21624.0,30.79999924,666687.5,0.97,90.0,0.28516977722791736,0.3928171627841165
1344,26833,1993,1.0,3.0,21600.0,71.30000305,1539176.625,1.5,,0.5306160776647708,0.23603348051594727
1345,26834,1909,1.0,3.0,20620.0,36.20000076,747456.875,1.01,,0.34786992774639536,0.36590146153715086
1346,26838,1910,1.0,5.0,40552.0,29.60000038,1200180.875,1.31,99.0,0.1244478442551111,0.34328516646099544
1347,26847,1909,1.0,3.0,31432.0,45.79999924,1439572.375,0.32,,0.753240016036748,0.18883670932933977
1348,26849,1917,1.0,2.0,24550.0,39.79999924,977230.3125,0.27,100.0,0.118925095832602,0.7297252799835451
1349,26883,1908,1.0,3.0,25864.0,47.20000076,1028277.313,1.34,,0.27643170262755384,0.3443836666226438
1350,26905,1924,1.0,3.0,20686.0,58.40000153,1207504.0,2.06,,0.25302421703485917,0.34191511332579333
1351,26906,1929,1.0,3.0,22124.0,28.79999924,637685.0,0.2,82.0,0.5462278575728329,0.36945474565574893
1352,26909,1926,1.0,3.0,27487.0,58.0,1594504.875,2.4,82.0,0.1795080422124802,0.2950885593060621
1353,26911,1926,1.0,4.0,23616.0,70.09999847,1656420.25,2.27,55.0,0.32011890486064726,0.2872266278959182
1354,26922,1976,1.0,3.0,33448.0,29.89999962,998633.5,0.21,78.0,0.6573397412867452,0.28073071173921554
1355,26924,2005,1.0,2.0,29508.0,99.19999695,2217620.0,2.75,,0.2630620624704801,0.26336377632675956
1356,26930,1987,1.0,2.0,74840.0,110.5,8268496.5,3.33,48.0,0.3852419378991468,0.22516689867159145
1357,26933,1913,1.0,3.0,20992.0,80.09999847,2473302.0,4.99,,0.17349033234461364,0.25619702480083345
1358,26939,1925,1.0,2.0,22344.0,68.09999847,1522596.75,2.47,40.0,0.25841584906757364,0.2918050553060364
1359,26956,1921,1.0,3.0,31900.0,94.80000305,2466100.0,3.02,,0.2271581992689407,0.25675312059479577
1360,26961,1950,1.0,2.0,29417.0,54.90000153,1631479.125,1.91,,0.28662433871329046,0.29034268749867914
1361,26973,1909,1.0,3.0,49299.0,89.19999695,4729846.5,0.19,,0.20851391496203647,0.28205645169547033
1362,26986,1997,1.0,1.0,31841.0,53.20000076,13140574.0,0.85,,0.36511626936520797,0.24625295744241282
1363,26994,1988,1.0,2.0,21036.0,130.1000061,2735811.5,3.73,,0.3976577342917926,0.25018856745336515
1364,26997,1999,1.0,2.0,32928.0,172.1000061,5652231.0,1.2,9.0,0.7900770037834203,0.1876207792155293
1365,27007,1954,1.0,2.0,20039.0,5.199999809,104722.2969,0.04,100.0,0.1845631684483177,0.7601524767285516
1366,27013,1960,1.0,1.0,44476.0,33.20000076,1368120.5,0.67,33.0,0.49005158374704666,0.2799414751134035
1367,27016,1969,1.0,1.0,35017.0,43.20000076,1295485.25,0.77,66.0,0.4704619831924557,0.32627066472840477
1368,27020,1950,1.0,3.0,29084.0,62.79999924,1632498.625,2.09,66.0,0.24376873070753668,0.29021392612108327
1369,27080,1963,1.0,2.0,22952.0,20.5,470666.6875,0.84,98.0,0.1373399141780786,0.4781852678727965
1370,27117,1976,1.0,1.0,21040.0,28.10000038,592088.125,0.91,43.0,0.2607137634664556,0.4214512273173294
1371,27122,1951,1.0,2.0,28032.0,44.0,1321065.0,1.66,52.0,0.2620233887499812,0.32198722899267834
1372,27131,1974,1.0,1.0,25620.0,21.5,550324.1875,0.8,82.0,0.1935020754300732,0.4393819595839957
1373,27141,1992,1.0,3.0,33238.0,49.09999847,1632472.0,0.34,14.0,0.7544919965628777,0.20283745620405033
1374,27142,1912,1.0,4.0,27800.0,106.5,1181428.75,1.38,8.0,0.2921604272886331,0.34684403464560704
1375,27145,2000,1.0,6.0,47237.0,58.20000076,13270687.0,0.13,82.0,0.7473590936475373,0.18167636377337412
1376,27162,1998,1.0,1.0,33706.0,273.7000122,8687690.0,6.12,22.0,0.49614349562574844,0.2203411406080681
1377,27184,1961,1.0,2.0,37600.0,57.79999924,2171751.5,2.49,,0.15929606405830293,0.267438604603327
1378,27244,1912,1.0,3.0,33708.0,23.29999924,786324.0,0.58,,0.7211858050653515,0.21172992338289576
1379,27303,1948,1.0,2.0,47237.0,125.5,5981430.0,0.88,,0.7825363083681963,0.1873315504846903
1380,27378,1997,1.0,1.0,76585.0,53.20000076,13906080.0,4.76,18.0,0.43168023928795995,0.2599903404429773
1381,27381,1938,1.0,3.0,26373.0,36.59999847,964236.0,1.45,75.0,0.17285301546131712,0.40996785513789197
1382,27389,1956,1.0,2.0,75868.0,47.5,3605749.75,0.33,,0.7712934214319165,0.16855200193862716
1383,27406,1947,1.0,2.0,21656.0,74.30000305,1607972.25,2.4,,0.31916091001563207,0.29334211814906974
1384,27455,1921,1.0,3.0,23040.0,18.29999924,421430.0,0.13,,0.43800805745587285,0.44828092257951585
1385,27456,1956,1.0,2.0,36771.0,156.3000031,5447076.5,1.03,,0.7822372616846494,0.19275533392531796
1386,27482,1977,1.0,1.0,24024.0,15.60000038,375773.5938,0.11,,0.41014788395021334,0.47076970653479483
1387,27488,1953,1.0,1.0,42420.0,22.79999924,965425.1875,0.69,34.0,0.31227882570879906,0.3643915809792603
1388,27494,1979,1.0,1.0,36982.0,10.10000038,374753.8125,0.19,,0.35028556210979245,0.5350839175542292
1389,27504,1964,1.0,2.0,23400.0,18.79999924,439266.9063,0.13,,0.4482370069141495,0.44012165453126356
1390,27532,1948,1.0,2.0,30720.0,57.79999924,1683064.25,2.19,,0.20507817978890058,0.28397085431871555
1391,27553,1972,1.0,1.0,23232.0,5.5,127374.0,0.04,,0.2158674086559022,0.7309705771562452
1392,27554,1974,1.0,1.0,35046.0,32.70000076,1063269.125,0.5,100.0,0.542060044505819,0.3149746822283129
1393,27561,1961,1.0,1.0,25577.0,35.0,895784.6875,0.55,,0.5453003265200291,0.3250054131369569
1394,27562,1974,1.0,1.0,43380.0,9.5,405062.0,0.07,89.0,0.42005979404314964,0.4472838504212144
1395,27567,1995,1.0,3.0,20410.0,133.3000031,2720238.25,3.81,8.0,0.3975015928982468,0.2512609835043615
1396,27587,1983,1.0,3.0,24696.0,33.90000153,624125.625,0.18,87.0,0.5592845423240638,0.38650475636030285
1397,27598,2002,1.0,1.0,24955.0,27.60000038,689803.0,0.88,47.0,0.28543495970763383,0.38471812556263024
1398,27668,1991,1.0,3.0,34074.0,250.1000061,8521989.0,0.85,,0.3266711384889458,0.22751086458716846
1400,27703,1961,1.0,2.0,76475.0,23.10000038,1765813.625,0.88,,0.23299328582675016,0.28228649726925137
1401,27704,1988,1.0,2.0,32961.0,47.70000076,1573155.0,1.91,86.0,0.20297821873785446,0.2851007150901483
1402,27721,2004,1.0,1.0,27376.0,84.59999847,1082920.125,0.97,,0.3959757622302106,0.3585776667698687
1403,27816,1911,1.0,3.0,25200.0,49.29999924,1242666.25,2.1,,0.15036487899776355,0.3354861419241403
1404,27821,1996,1.0,1.0,44755.0,245.1999969,11521140.0,7.57,56.0,0.4280373523524594,0.16748775938242702
1405,27825,1907,1.0,2.0,22320.0,9.399999619,209644.9063,0.22,,0.21418841031375754,0.6729198222671816
1406,27828,1912,1.0,3.0,24000.0,38.79999924,932083.5,0.38,,0.5896804987066806,0.37257002447931875
1407,27830,1920,1.0,3.0,23422.0,115.4000015,2701872.0,5.47,65.0,0.09073888818994115,0.2666146323826694
1408,27833,1975,1.0,2.0,38879.0,86.69999695,3371659.75,0.74,,0.7210394955603406,0.25359706247899355
1409,27838,1998,1.0,5.0,53034.0,92.30000305,3392129.0,1.58,93.0,0.45473069418731926,0.2625326361355705
1410,27869,1920,1.0,2.0,23040.0,3.5,79711.79688,0.04,99.0,0.1425465492358933,0.8440157796322119
1411,27874,1958,1.0,2.0,61880.0,9.600000381,595936.5,0.07,66.0,0.5427651973942373,0.39283054332591066
1412,27882,1925,1.0,2.0,27938.0,37.90000153,1027394.313,0.26,97.0,0.7044949994612077,0.2933438885387111
1413,27891,1924,1.0,2.0,21600.0,38.40000153,1623657.0,0.52,,0.7817763807313766,0.17376995426978176
1414,27892,1929,1.0,3.0,27908.0,92.69999695,2028125.625,2.27,,0.3503307471815497,0.26327691605335424
1415,27903,2000,1.0,3.0,54969.0,67.69999695,3724098.25,0.72,67.0,0.7175539072874274,0.2219879584903696
1416,27922,1951,1.0,2.0,36825.0,27.20000076,1755072.75,1.39,,0.3899207177500926,0.24943288566896393
1417,27928,1958,1.0,3.0,25834.0,65.19999695,2076289.625,2.09,73.0,0.46811584397909123,0.20283667329134866
1418,27947,1929,1.0,1.0,37700.0,66.69999695,3481727.5,3.98,38.0,0.15395004560322195,0.28705382437979104
1419,27969,2004,1.0,6.0,97229.0,16.39999962,1021754.688,0.07,100.0,0.6644303181711122,0.27733778657453695
1420,27982,1982,1.0,3.0,25111.0,43.20000076,954352.6875,0.99,77.0,0.36959080542577044,0.3670673147014328
1421,28019,1953,1.0,2.0,31805.0,51.59999847,1641667.0,2.15,10.0,0.17641905201170718,0.2890616947390434
1422,28020,1953,1.0,1.0,20811.0,60.90000153,1267348.5,2.11,95.0,0.26695015611139533,0.33111568023942317
1423,28025,1967,1.0,2.0,22058.0,99.69999695,1987334.75,3.01,1.0,0.3125707259106635,0.2672367828674093
1424,28029,1970,1.0,1.0,22890.0,215.8999939,10005787.0,5.23,,0.7145065918537932,0.19870118424163163
1425,28030,1907,1.0,5.0,36000.0,30.89999962,1111293.75,1.2,,0.1911887546342009,0.3866003536836857
1426,28033,1971,1.0,1.0,28320.0,149.6000061,4236396.5,2.4,1.0,0.677423526323065,0.15682980340339392
1427,28053,1955,1.0,1.0,29079.0,29.60000038,861643.6875,0.76,78.0,0.3953090357356094,0.3335870409819779
1428,28066,1982,1.0,3.0,28848.0,37.79999924,726917.5,0.18,82.0,0.5827027114027268,0.3457449288058269
1429,28081,1988,1.0,2.0,20535.0,84.19999695,1835804.0,1.89,7.0,0.5390015961544626,0.22346986782387654
1430,28086,1985,1.0,2.0,43025.0,218.3000031,9393108.0,5.95,,0.4242531860412208,0.2430280106927986
1431,28476,1965,1.0,1.0,30800.0,15.80000019,485971.0,0.11,65.0,0.4790289838113726,0.42515279941529044
1432,29170,1900,1.0,3.0,22168.0,80.5,1784385.25,2.23,,0.4149594119244081,0.24634484312910246
1433,29214,1922,1.0,1.0,37400.0,24.70000076,924192.6875,0.21,73.0,0.6055085431420159,0.3745593613652581
1435,29551,2000,1.0,11.0,68452.0,55.29999924,3782378.25,0.39,79.0,0.7842667846475202,0.16338372503001963
1436,29552,2000,1.0,11.0,273185.0,52.20000076,14709151.0,0.38,88.0,0.8262285955918399,0.13526276764107445
1437,29612,1924,1.0,3.0,97500.0,38.29999924,3736960.0,1.6,97.0,0.17261583216859563,0.2916878480234335
1438,29788,1982,1.0,5.0,54015.0,55.90000153,3020001.5,0.39,75.0,0.49774956699716427,0.4984999736662547
1439,32429,1985,1.0,13.0,42000.0,148.0,7798464.0,6.52,,0.5580435350516013,0.3223095588736666
1440,33289,1982,1.0,24.0,119701.0,70.0,8382140.5,0.49,67.0,0.8218669317972088,0.14122116747698318
1441,33408,1965,1.0,1.0,24697.0,64.69999695,1295685.75,1.18,,0.4466891334906609,0.3262365625785289
1442,33527,2013,2.0,1.0,57468.0,52.29999924,3543985.5,1.56,,0.418815406545891,0.30419649211012495
1443,33548,2006,1.0,5.0,84000.0,144.5,12184124.0,5.26,,0.2995992794751764,0.17905503542624626
1444,34348,1991,1.0,3.0,103000.0,50.59999847,5214621.5,0.79,89.0,0.6397132270306989,0.21382304544647798
1445,34891,2008,1.0,1.0,37864.0,212.0,8025696.0,4.67,61.0,0.5321865817013722,0.21015503954843653
1446,34908,1950,1.0,2.0,66497.0,139.6999969,9290214.0,1.08,84.0,0.8101106077192566,0.17594526741835798
1447,35391,2006,1.0,4.0,34010.0,92.69999695,3560614.25,0.73,,0.7690637586898307,0.17019521710619895
1448,35392,2006,1.0,4.0,45980.0,180.6000061,8305255.0,4.21,79.0,0.5014188252273922,0.2243939396741016
1449,36034,1996,1.0,3.0,45743.0,117.4000015,5313217.0,1.82,88.0,0.639895575408361,0.2106912104744926
1450,36587,1991,1.0,1.0,45000.0,77.90000153,3505497.0,3.06,,0.21429992166515258,0.2856634635889831
1451,37008,1999,1.0,6.0,333698.0,41.09999847,13730204.0,0.89,,0.5115881560856672,0.2528975947147855
1452,37248,1904,1.0,4.0,72859.0,20.60000038,1498457.875,0.17,55.0,0.7827891635424358,0.19409909107722081
1453,40008,2004,1.0,3.0,21947.0,57.79999924,1554599.25,1.72,,0.4594109979825245,0.26340087928556
1455,40031,1960,1.0,3.8,30287.0,78.19999695,2193115.0,1.08,32.0,0.36524729356869295,0.558759991167313
1456,40034,1960,1.0,2.8,21931.0,124.0,3947209.25,6.62,32.0,0.2590920592860299,0.26877066466578853
1457,40067,1985,1.0,6.0,73102.0,46.5,4307238.5,0.41,84.0,0.7846347431568497,0.16420352254747367
1458,40348,1916,1.0,2.0,140823.0,19.70000076,2762846.0,0.2,,0.44629996995242094,0.5173825728194815
1459,40447,1966,1.0,1.0,87458.0,96.90000153,8475238.0,3.09,,0.3576303518330904,0.22088751207567464
1460,41928,2011,1.0,1.0,51400.0,225.6999969,11702959.0,5.91,74.0,0.48735486020777385,0.17210707300105785
1461,42069,1993,1.0,1.0,26263.0,62.20000076,1634669.375,0.43,64.0,0.7467626651239279,0.2004896831321813
1462,43948,1906,1.0,2.0,39212.0,1.799999952,72370.39844,0.01,,0.1311016946111426,0.7813351047687211
1463,45287,1968,1.0,1.0,21400.0,249.3000031,5170809.5,7.41,,0.3331360716393602,0.3149671190287404
1466,49687,2003,1.0,4.0,33997.0,262.6000061,8926736.0,2.78,23.0,0.7538401805404441,0.18180688796915354
1468,49697,1902,1.0,6.0,74211.0,21.5,1357119.875,0.13,97.0,0.7414316119932649,0.19716929286394336
1469,49699,1988,1.0,2.0,45700.0,5.300000191,1544193.75,0.34,99.0,0.7567050674478006,0.1894393116768736
1472,49712,2012,1.0,6.0,157345.0,73.90000153,11624548.0,0.59,63.0,0.7710114956760661,0.21280594019673593
1473,49715,2012,1.0,5.0,136758.0,30.29999924,6275367.5,1.28,90.0,0.3896111699044615,0.2852309031517618
1474,49716,2012,1.0,7.0,192259.0,44.90000153,8767617.0,1.0,72.0,0.5660723969793529,0.16329522623388176
1475,49718,2012,2.0,2.0,137138.0,39.5,5475367.0,0.28,,0.7878398585781867,0.19313284318990834
1478,49737,1918,1.0,3.0,43832.0,92.19999695,3886545.0,3.29,67.0,0.2517665233906537,0.2718255282128333
1479,49738,1987,1.0,6.0,146363.0,80.09999847,11730555.0,2.23,,0.4545890679820066,0.17177173993726227
1480,49775,2011,1.0,1.0,67263.0,218.5,14697487.0,5.24,78.0,0.4793146830813588,0.2402524548942759
1481,49776,1988,1.0,13.0,354086.0,56.70000076,13458948.0,0.42,88.0,0.7364905915364788,0.19334724379294604
1482,49778,2008,1.0,2.0,70292.0,27.5,1933811.625,0.82,37.0,0.3677634868654423,0.2726168278404306
1485,49858,2014,1.0,2.0,35780.0,76.59999847,2912264.0,1.44,22.0,0.3762563702925539,0.5095555385591201
1486,49793,2013,1.0,3.0,105061.0,16.29999924,1363191.625,0.09,100.0,0.7422865246339279,0.19651738594632143
1487,49797,2013,1.0,3.0,62662.0,53.20000076,2502131.0,0.32,67.0,0.45112229623243455,0.5382608427008446
1488,49802,2013,1.0,4.0,62381.0,58.0,3497215.5,0.39,62.0,0.7576539867133786,0.19219105967512032
1489,49829,2013,1.0,6.0,79805.0,94.40000153,7531325.0,2.32,25.0,0.4712723062643418,0.23894459080452302
1490,49850,2014,1.0,2.0,48925.0,26.20000076,1662054.125,0.47,82.0,0.6687312701982848,0.211999400627023
1491,49862,1962,1.0,1.0,29000.0,83.40000153,2429214.0,1.9,,0.2922551381697646,0.5575831672820888
1493,49867,2014,1.0,7.0,333714.0,23.89999962,4581493.0,0.13,,0.795036850328721,0.16440110401672087
1494,49872,2014,1.0,2.0,56988.0,22.20000076,544172.375,0.28,,0.28368627105874683,0.442152965704796
1495,49911,2010,1.0,2.0,44162.0,35.0,1546484.875,0.86,,0.4535946125059569,0.26441745078434126
1496,49918,2013,1.0,1.0,53775.0,224.8999939,12095818.0,0.85,,0.2809542256577835,0.1519763310601425
1497,49924,1912,1.0,2.0,64820.0,38.40000153,2274296.75,0.45,,0.3969055330082592,0.5442772087284614
1498,49925,1993,1.0,2.0,99765.0,31.89999962,3185005.25,0.74,,0.4680565043000016,0.27491188775829517
1500,49940,1920,1.0,8.0,374466.0,162.3000031,2615247.75,0.85,74.0,0.326561591629093,0.6092927203432071
1501,49945,1989,1.0,3.0,197395.0,62.79999924,2737534.5,0.3,,0.31934511606030613,0.5369761957365649
1502,49946,2010,1.0,8.0,41198.0,188.6000061,7768057.5,2.0,44.0,0.7837924616032941,0.1486773704614531
1503,49958,2014,1.0,1.0,20993.0,44.0,923812.8125,0.51,,0.5495240645345882,0.38217668490876555
1504,49966,2009,1.0,3.4,40265.0,53.59999847,2159170.25,1.28,,0.49108854090966336,0.22698744197838905
1505,49968,1969,1.0,4.0,58779.0,85.09999847,5000717.0,0.44,,0.6137923173297819,0.1950595151096151
1506,49970,2011,1.0,3.8,176225.0,28.0,4926695.0,0.59,91.0,0.5411437727641444,0.22149749997423143
1509,49980,1970,1.0,4.6,89392.0,77.90000153,6960904.5,0.54,16.0,0.8150310906374952,0.12859558916354522
1510,49983,2011,1.0,2.6,97040.0,40.09999847,3894142.5,0.64,69.0,0.6314294087343572,0.21437250765933594
1512,49998,2014,1.0,4.0,101580.0,10.69999981,940844.6875,0.1,,0.5809750078304519,0.37038544506412235
1513,50002,2014,1.0,3.0,33648.0,35.90000153,1399581.625,0.29,,0.7479663834594695,0.192872434271896
1514,50026,2015,1.0,5.0,37873.0,62.0,2346692.5,1.72,,0.42131325399163644,0.2348499656495225
1516,50035,2015,1.0,14.0,144614.0,34.59999847,5525072.5,0.35,89.0,0.7672878766177392,0.19545389685885883
1517,50037,2014,1.0,12.0,480702.0,37.20000076,12720069.0,0.31,99.0,0.7156377869701269,0.20518763363420361
1518,50038,2014,1.0,2.0,25532.0,26.70000076,627854.125,0.17,,0.5423741756633697,0.3725923579870908
1519,50039,2015,1.0,2.0,108036.0,46.20000076,4991893.5,0.85,,0.5584588206114015,0.2570979525850488
1520,50045,2015,1.0,12.0,483397.0,40.90000153,13998638.0,0.42,98.0,0.6732297211401694,0.1967711560783033
1521,50054,2014,1.0,13.0,536697.0,37.90000153,13239050.0,0.46,98.0,0.57799910685093,0.22906145412445209
1522,50062,2014,1.0,4.0,126823.0,68.5,6042399.5,1.03,72.0,0.49582270407884743,0.27205169298834103
1523,50068,1955,1.0,1.0,52085.0,69.19999695,3605855.5,3.03,37.0,0.1463351082075475,0.2799385624707783
1524,50069,1929,1.0,2.0,24990.0,176.8999939,4420650.5,5.39,9.0,0.37805003652655167,0.22879347993446297
1525,50070,2013,1.0,1.0,72000.0,40.59999847,2925780.0,0.94,,0.31852165047265296,0.5099313877010766
1526,50081,2015,1.0,3.0,45000.0,29.0,1325972.75,0.21,77.0,0.6798903546802165,0.2408719896974004
1528,50101,1962,1.0,1.0,68072.0,46.20000076,3180819.25,0.33,,0.7267629651546225,0.26173894936699765
1529,50196,2005,1.0,1.0,20616.0,30.89999962,636965.5,0.22,,0.5460809429137822,0.36977259761663345
1530,50198,2013,1.0,1.0,11685.0,72.80000305,851053.8125,2.5,,0.27308132415414255,0.33079635732353824
1531,50201,2010,1.0,1.0,11968.0,65.5,783423.0,1.92,,0.331959153813953,0.35506780347189554
1532,50204,1949,1.0,1.0,11285.0,57.20000076,645665.375,1.27,,0.40093189015950503,0.40048492345039277
1533,50207,1911,1.0,1.0,16795.0,55.79999924,936616.5,1.47,,0.36382651209739353,0.371436538083199
1534,50208,1972,1.0,1.0,12769.0,53.20000076,5117308.5,0.85,,0.16271885809216197,0.30907647711144237
1535,50210,1952,1.0,1.0,13661.0,36.79999924,502667.6875,0.26,75.0,0.48746443317099203,0.4182688177769153
1536,50212,1912,1.0,1.0,23445.0,254.8999939,5976246.0,0.85,,0.14646707021106772,0.30577831335104905
1537,50219,1994,1.0,1.0,20050.0,90.40000153,1813404.0,3.03,,0.31351444205100554,0.2611266255200171
1538,50220,1960,1.0,1.0,15398.0,25.20000076,387810.0,0.51,93.0,0.3388215771297045,0.5265553236485305
1539,50221,1982,1.0,1.0,18261.0,51.0,932082.125,1.11,,0.42567362040480766,0.3725702747225723
1540,50222,1990,1.0,1.0,12294.0,69.09999847,849745.6875,1.7,46.0,0.4092477220727098,0.3366853013128363
1541,50223,2004,1.0,1.0,16000.0,59.40000153,950276.1875,2.01,,0.2637047648399079,0.3680625076973073
1542,50224,1974,1.0,1.0,13157.0,53.20000076,5765898.0,0.85,,0.22248842021525797,0.2841898120964971
1543,50225,1989,1.0,1.0,14101.0,51.0,719471.1875,1.57,,0.30315837204776425,0.3747997800918103
1544,50226,1938,1.0,1.0,18258.0,63.09999847,1152896.25,2.26,,0.24297142340513095,0.35240298293838385
